name,address,city,state,zip,phone,type,schedule,eligibility,notes,monday,tuesday,wednesday,thursday,friday,saturday,sunday,monday_frequency,tuesday_frequency,wednesday_frequency,thursday_frequency,friday_frequency,saturday_frequency,sunday_frequency,monday_hours,tuesday_hours,wednesday_hours,thursday_hours,friday_hours,saturday_hours,sunday_hours
Santa Sophia Conference,"Spring Valley, CA 91977",,CA,91977,619-341-1786,Walk-up,weekly,"Serves residents in: 91977, 91978, 91941, 91945, 92019 *Requires ID and utility bill for proof of residence*",,false,true,false,true,false,true,false,,weekly,,weekly,,weekly,,,9:30 AM - 11:00 AM,,9:30 AM - 11:00 AM,,9:30 AM - 11:00 AM,
Spring Valley Produce Pantry,"Spring Valley, CA 91977",,CA,91977,,Walk-up,1st Monday of the month from 10:00 - 11:00 a.m.,,,true,false,false,false,false,false,false,1st,,,,,,,10:00 AM - 11:00 AM,,,,,,
Heaven's Windows,"Spring Valley, CA 91977",,CA,91977,619-303-7806,"Walk-up, Drive-through",weekly,,,false,true,true,true,true,false,false,,weekly,weekly,weekly,weekly,,,,9:00 AM - 12:00 PM,9:00 AM - 12:00 PM,9:00 AM - 12:00 PM,9:00 AM - 12:00 PM,,
Pardise Valley SDA,"Spring Valley, CA 91977",,CA,91977,760-755-5325,Drive-through,1st Saturday of the month at 4:00 p.m.,,,false,false,false,false,false,true,false,,,,,,1st,,,,,,,4:00 PM - 5:00 PM,
LJC Ministries,"Spring Valley, CA 91977",,CA,91977,,"Walk-up, Drive-through",1st and 3rd Thursday of the month from 10:30 a.m. - 12:00 p.m.,,,false,false,false,true,false,false,false,,,,"1st, 3rd",,,,,,,10:30 AM - 12:00 PM,,,
Samoa/Lutheran Feeding Ministry,"Lemon Grove, CA 91945",,CA,91945,619-251-6834,,1st and last Friday of the month from 9:00 - 10:30 a.m.,,,false,false,false,false,true,false,false,,,,,"1st, last",,,,,,,9:00 AM - 10:30 AM,,
Crosspointe - Our Church,"La Mesa, CA 91942",,CA,91942,619-464-3077,"Walk-up, Drive-through",weekly,ID Required Arrive no later than 9:00 a.m. Emergency food distribution is also available. Bring your own bags.,,false,true,false,true,false,false,false,,weekly,,weekly,,,,,9:00 AM - 10:00 AM,,9:00 AM - 10:00 AM,,,
North Park Apostolic Church,"Lemon Grove, CA 91945",,CA,91945,619-229-2800,"Walk-up, Drive-through",weekly,,,false,false,true,true,false,false,false,,,weekly,weekly,,,,,,12:00 PM - 2:00 PM,12:00 PM - 2:00 PM,,,
Shepherd's Pantry,"El Cajon, CA 92020",,CA,92020,619-442-9491,"Walk-up, Drive-through",weekly,,,false,false,false,false,false,true,false,,,,,,weekly,,,,,,,8:00 AM - 10:00 AM,
Journey Community Church,"La Mesa, CA 91942",,CA,91942,619-464-4544,"Walk-up, Drive-through",1st & 4th Thursday of the month at 7:00 p.m. 2nd Friday of the month at 9:00 a.m. 3rd Saturday of the month at 8:30 a.m.,,,false,false,false,true,true,true,false,,,,"1st, 4th",2nd,3rd,,,,,19:00,9:00,8:30,
Trinity Lutheran Church,"San Diego, CA 92114",,CA,92114,619-262-1089,Walk-up,weekly,,,false,true,false,true,false,false,false,,weekly,,weekly,,,,,9:00 AM - 2:00 PM,,9:00 AM - 2:00 PM,,,
Christian Church of Lemon Grove,"Lemon Grove, CA 91945",,CA,91945,619-465-1888,"Walk-up, Drive-through",2nd and 4th Tuesday of the month from 3:00 - 5:00 p.m.,,,false,true,false,false,false,false,false,,"2nd, 4th",,,,,,,3:00 PM - 5:00 PM,,,,,
Lexington Elementary School Pantry,"El Cajon, CA 92019",,CA,92019,,Walk-up,1st and 3rd Friday of the month from 4:00 - 5:00 p.m.,,,false,false,false,false,true,false,false,,,,,"1st, 3rd",,,,,,,4:00 PM - 5:00 PM,,
Salvation Army El Cajon,"El Cajon, CA 92021",,CA,92021,619-593-1077,Walk-up,weekly,New clients will be asked to provide IDs. Diapers are provided for all children under the age of 3 years old once a month.,,true,false,true,false,true,false,false,weekly,,weekly,,weekly,,,1:00 PM - 4:00 PM,,2:30 PM - 4:00 PM,,1:00 PM - 6:00 PM,,
Meridian Baptist Church,"El Cajon, CA 92019",,CA,92019,619-444-3171,"Walk-up, Drive-through",weekly,,,false,false,false,true,false,false,false,,,,weekly,,,,,,,3:45 PM - 4:45 PM,,,
El Cajon Valley High School Pantry,"El Cajon, CA 92021",,CA,92021,619-401-4729,Drive-through,weekly,,,false,false,true,false,false,false,false,,,weekly,,,,,,,7:30 AM - 8:00 AM,,,,
I Am My Brother's Keeper,"San Diego, CA 92114",,CA,92114,619-262-7600,"Walk-up, Drive-through",weekly,By appointment only,,false,true,false,false,false,false,false,,weekly,,,,,,,1:00 PM - 3:00 PM,,,,,
Rock Church - El Cajon,"El Cajon, CA 92020",,CA,92020,619-226-7625,Drive-through,3rd Tuesday of the month from 10:00 a.m. - 12:00 p.m.,,,false,true,false,false,false,false,false,,3rd,,,,,,,10:00 AM - 12:00 PM,,,,,
Fourth District Senior Resource Center,"San Diego, CA 92114",,CA,92114,619-266-2066,Walk-up,4th Thursday of the month at 11:30 a.m.,"Call first First come, first served distribution for seniors",,false,false,false,true,false,false,false,,,,4th,,,,,,,11:30,,,
Bayview Baptist Church AKA Daily Bread Marketplace,"San Diego, CA 92114",,CA,92114,619-262-8384,,weekly,"Call first, by appointment only",,true,true,true,true,false,false,false,weekly,weekly,weekly,weekly,,,,9:00 AM - 12:00 PM,9:00 AM - 12:00 PM,2:00 PM - 5:00 PM,9:00 AM - 12:00 PM,,,
San Diego Maranatha SDA Church,"San Diego, CA 92114",,CA,92114,,"Walk-up, Drive-through",4th Saturday of the month from 2:00 - 4:00 p.m.,,,false,false,false,false,false,true,false,,,,,,4th,,,,,,,2:00 PM - 4:00 PM,
Abundant Grace Christian Center,"San Diego, CA 92115",,CA,92115,619-788-2027,Walk-up,weekly,,,true,false,true,false,false,false,true,weekly,,weekly,,,,weekly,9:00 AM - 10:00 AM,,8:00 PM - 8:30 PM,,,,11:30 AM - 12:30 PM
Shadow Mountain Cares,"El Cajon, CA 92019",,CA,92019,619-590-2157,Walk-up,weekly,Registration & I.D. Required Register in person,,true,false,false,false,true,false,false,weekly,,,,weekly,,,1:00 PM - 6:00 PM,,,,8:00 AM - 1:00 PM,,
El Cajon Produce Pantry,"Lot 7, El Cajon, CA 92020",,CA,92020,,Walk-up,4th Friday of the month from 10:00 - 11:00 a.m.,,,false,false,false,false,true,false,false,,,,,4th,,,,,,,10:00 AM - 11:00 AM,,
Mann Middle School Pantry,"San Diego, CA 92115",,CA,92115,,Walk-up,2nd Thursday of the month from 2:26 - 3:30 p.m.,,,false,false,false,true,false,false,false,,,,2nd,,,,,,,2:26 PM - 3:30 PM,,,
STAR/PAL Colina del Sol Park,"San Diego, CA 92105",,CA,92105,619-484-7557,Walk-up,2nd Tuesday of the month from 9:00 a.m. - 11:00 a.m. or until supplies lasts,,,false,true,false,false,false,false,false,,2nd,,,,,,,9:00 AM - 11:00 AM,,,,,
Paradise Hills Elementary School Pantry,"San Diego, CA 92139",,CA,92139,,Walk-up,2nd and 4th Wednesday of the month from 11:30 a.m. - 12:30 p.m.,,,false,false,true,false,false,false,false,,,"2nd, 4th",,,,,,,11:30 AM - 12:30 PM,,,,
New Hope SDA,"San Diego, CA 92105",,CA,92105,808-409-3165,Walk-up,2nd Thursday of the month from 8:00 -11:00 a.m.,,,false,false,false,true,false,false,false,,,,"2nd, 4th",,,,,,,8:00 AM - 11:00 AM,,,
Wesley House,"San Diego, CA 92115",,CA,92115,619-582-0773,Walk-up,weekly,Current College Students Only. Proof of enrollment required.,,true,true,true,true,true,false,false,weekly,weekly,weekly,weekly,weekly,,,9:30 AM - 11:30 AM,1:30 PM - 4:30 PM,1:30 PM - 4:30 PM,1:30 PM - 4:30 PM,1:30 PM - 4:30 PM,,
NHA Head Start School Pantry,"San Diego, CA 92105",,CA,92105,,Walk-up,3rd Wednesday of the month from 12:45 - 1:30 p.m.,,,false,false,true,false,false,false,false,,,3rd,,,,,,,12:45 PM - 1:30 PM,,,,
Millennial Tech Middle School Pantry,"San Diego, CA 92102",,CA,92102,619-362-4650,"Walk-up, Drive-through",2nd and 4th Thursday of the month from 2:45 - 3:30 p.m.,,,false,false,false,true,false,false,false,,,,"2nd, 4th",,,,,,,2:45 PM - 3:30 PM,,,
Friendships for Hope,"National City, CA 91950",,CA,91950,619-395-5088,Walk-up,weekly,"Serves residents residing in 91950, 92139, 92102, 92113, 92114",,false,true,false,false,false,false,false,,weekly,,,,,,,9:00 AM - 12:00 PM,,,,,
San Diego Fil-Am SDA Church,"Chula Vista, CA 91910",,CA,91910,858-603-4737,Walk-up,1st Thursday of the month from 10:00 a.m. - 12:00 p.m. (open to the public) 2nd Thursday of the month from 10:00 a.m. - 12:00 p.m. (for unsheltered neighbors only),,,false,false,false,true,false,false,false,,,,1st,,,,,,,10:00 AM - 12:00 PM,,,
UCSD RE-LINK,,,,,858-412-7012,Walk-up,3rd Wednesday of the month from 12:00 - 2:00 p.m.,"Call first 12 North Euclid Ave National City, CA 91950, US",,false,false,true,false,false,false,false,,,3rd,,,,,,,12:00 PM - 2:00 PM,,,,
Lincoln High School Pantry,"San Diego, CA 92113",,CA,92113,619-266-6517,Walk-up,2nd and 4th Friday of the month from 2:50 - 4:30 p.m.,,,false,false,false,false,true,false,false,,,,,"2md, 4th",,,,,,,2:50 PM - 4300 PM,,
Porter Elementary School Pantry,"San Diego, CA 92113",,CA,92113,619-794-9558,Drive-through,1st and 3rd Wednesday of the month at 7:30 a.m.,,,false,false,true,false,false,false,false,,,"1st, 3rd",,,,,,,7:30,,,,
Rock Church - Chula Vista,"Chula Vista, CA 91915",,CA,91915,619-226-7625,Drive-through,4th Thursday of the month from 10:00 a.m. - 12:00 p.m.,,,false,false,false,true,false,false,false,,,,4th,,,,,,,11:15 AM - 12:15 PM,,,
Hamilton Elementary School Pantry,"San Diego, CA 92105",,CA,92105,,Walk-up,1st and 3rd Wednesday of the month from 11:15 a.m. - 12:15 p.m.,,,false,false,true,false,false,false,false,,,"1st, 3rd",,,,,,,11:15 AM - 12:15 PM,,,,
City of Hope,"San Diego, CA 92102",,CA,92102,619-633-7977,Walk-up,1st Wednesday of the month from 10:00 a.m. - 3:00 p.m.,,,false,false,true,false,false,false,false,,,1st,,,,,,,10:00 AM - 3:00 PM,,,,
Hoover High School Pantry,"San Diego, San Diego, CA 92115",,CA,92115,619-431-0320,Walk-up,1st and 3rd Tuesday of the month from 2:15 - 3:15 p.m.,,,false,true,false,false,false,false,false,,"1st, 3rd",,,,,,,2:15 PM - 3:15 PM,,,,,
Bridge of Hope,"San Diego, CA 92105",,CA,92105,,Walk-up,weekly,,,false,false,false,false,true,false,false,,,,,weekly,,,,,,,11:30 AM - 1:00 PM,,
Jamul Community Church,"Jamul, CA 91935",,CA,91935,619-669-7203,Walk-up,weekly,,,false,false,false,true,false,false,false,,,,weekly,,,,,,,10:00 AM - 3:30 PM,,,
La Maestra,"San Diego, CA 92105",,CA,92105,619-280-4213,Walk-up,weekly,,,false,true,true,false,true,false,false,,weekly,weekly,,weekly,,,,9:00 AM - 2:00 PM,9:00 AM - 2:00 PM,,10:00 AM - 3:00 PM,,
St. Marks Episcopal Church,"San Diego, CA 92105",,CA,92105,619-283-6242,Walk-up,weekly,,,false,false,true,false,false,false,false,,,weekly,,,,,,,11:00 AM - 1:00 PM,,,,
City Heights Mobile Pantry,"San Diego, CA 92105",,CA,92105,619-280-9622,"Walk-up, Drive-through",3rd Tuesday of the month from 3:00 p.m. until supplies run out,,,false,true,false,false,false,false,false,,3rd,,,,,,,3:00 PM,,,,,
Iglesia Casa de Alabanza,"San Diego, CA 92105",,CA,92105,,Walk-up,1st and 3rd Tuesday of the month from 11:30 a.m. - 12:30 p.m.,,,false,true,false,false,false,false,false,,"1st, 3rd",,,,,,,11:30 AM - 12:30 PM,,,,,
Church of the Nazarene,"San Diego, CA 92105",,CA,92105,619-516-1000,Walk-up,weekly,,,false,true,false,false,false,true,false,,weekly,,,,weekly,,,3:00 PM - 4:00 PM,,,,9:00 AM - 10:00 AM,
Rock Church - City Heights,"San Diego, CA 92105",,CA,92105,619-226-7625,"Walk-up, Drive-through",3rd Thursday of the month at 10:00 a.m.,,,false,false,false,true,false,false,false,,,,3rd,,,,,,,10:00,,,
City Heights Assembly of God,"San Diego, CA 92105",,CA,92105,619-471-4809,Walk-up,weekly,Families with children under 18 or seniors over age of 65. Hot meals available,,true,true,true,true,true,false,false,weekly,weekly,weekly,weekly,weekly,,,1:00 PM - 3:00 PM,1:00 PM - 3:00 PM,1:00 PM - 3:00 PM,1:00 PM - 3:00 PM,1:00 PM - 3:00 PM,,
"Good Shepherd Community Projects, Inc","San Diego, CA 92113",,CA,92113,619-263-5556,Walk-up,2nd and 4th Saturday of the month from 11:00 a.m. - 1:00 p.m.,Must be 21+ years of age or older or accompanied by an adult to receive food,,false,false,false,false,false,true,false,,,,,,"2nd, 4th",,,,,,,11:00 AM - 1:00 PM,
Faith Tabernacle,"San Diego, CA 92116",,CA,92116,619-282-3044,Walk-up,weekly,,,true,false,false,false,false,false,false,weekly,,,,,,,3:30 PM - 6:00 PM,,,,,,
Santee Food Bank,"Santee, CA 92071",,CA,92071,619-448-2096,Drive-through,weekly,"Santee Residents ONLY [utilities bill] Proof of income eligibility [Social Security Documentation, Pay Stub] ID",,false,false,true,false,true,true,false,,,weekly,,weekly,weekly,,,,8:00 AM - 11:00 AM,,8:00 AM - 11:00 AM,8:00 AM - 11:00 AM,
Southport Christian Center,"National City, CA 91950",,CA,91950,619-474-2834,Walk-up,weekly,,,false,false,false,false,true,false,false,,,,,weekly,,,,,,,10:00 AM - 11:00 AM,,
Lakeside Mobile Pantry,"Lakeside, CA 92040",,CA,92040,,Drive-through,First Tuesday of the month from 12:30 - 1:30 p.m.,,,false,true,false,false,false,false,false,,1st,,,,,,,12:30 PM - 1:30 PM,,,,,
Lemon Crest Elementary School Pantry,"Lakeside, CA 92040",,CA,92040,,Walk-up,2nd and 4th Wednesdays of the month from 11:30 a.m. - 1:30 p.m.,,Special Dates Closed on 3/11,false,false,true,false,false,false,false,,,"2nd, 4th",,,,,,,11:30 AM - 1:30 PM,,,,
Operation Promise Community Services,,,,,619-902-1206,Walk-up,weekly,"Intake form required. Call to make an appointment. 5 W. 18th St. National City, CA 91950, US",,true,true,true,true,true,false,false,weekly,weekly,weekly,weekly,weekly,,,9:00 AM - 2:45 PM,9:00 AM - 2:45 PM,9:00 AM - 2:45 PM,9:00 AM - 2:45 PM,9:00 AM - 2:45 PM,,
Partnership for a Better San Diego,"San Diego, CA 92108",,CA,92108,,Walk-up,weekly,,,true,false,false,true,false,false,false,weekly,,,weekly,,,,12:00 PM - 3:00 PM,,,8:00 AM - 11:00 AM,,,
St. Rose of Lima,"Chula Vista, CA 91910",,CA,91910,619-427-7637,Walk-up,weekly,,,false,false,true,false,false,false,false,,,weekly,,,,,,,10:00 AM - 11:00 AM,,,,
South Bay Food Pantry,"Chula Vista, CA 91910",,CA,91910,619-298-9978,Walk-up,weekly,,,false,false,false,false,false,true,false,,,,,,weekly,,,,,,,11:00 AM - 12:30 PM,
Templo Evangelico Maranatha,"Chula Vista, CA 91910",,CA,91910,619-213-9370,Walk-up,weekly,"Call first, by appointment only Call before 6:00 p.m. on the Tuesday prior",,false,false,true,false,false,false,false,,,weekly,,,,,,,10:30 AM - 11:30 AM,,,,
Lakeside Christian Helps Center,"Lakeside, CA 92040",,CA,92040,619-933-1309,Walk-up,weekly,,,true,true,true,true,false,false,false,weekly,weekly,weekly,weekly,,,,10:00 AM - 12:00 PM,10:00 AM - 12:00 PM,10:00 AM - 12:00 PM,10:00 AM - 12:00 PM,,,
Logan Heights Community Development Corporation,"San Diego, CA 92102",,CA,92102,619-858-0563,"Walk-up, Drive-through",3rd Friday of the month from 10:00 a.m. - 12:00 p.m.,,,false,false,false,false,true,false,false,,,,,3rd,,,,,,,10:00 AM - 12:00 PM,,
Salvation Army Chula Vista,"Chula Vista, CA 91910",,CA,91910,619-422-7027,Walk-up,weekly,New guests are asked to bring a photo ID for everyone in the household and proof of residence,,false,false,true,false,true,false,false,,,weekly,,weekly,,,,,9:00 AM - 10:30 AM,,9:00 AM - 10:30 AM,,
31st. St. SDA Church,"San Diego, CA 92113",,CA,92113,,"Walk-up, Drive-through",2nd and 4th Wednesday of the month from 12:00 - 2:00 p.m.,,,false,false,true,false,false,false,false,,,"2nd, 4th",,,,,,,12:00 PM - 2:00 PM,,,,
STAR/PAL Memorial Park,"San Diego, CA 92113",,CA,92113,619-484-7557,Walk-up,3rd Thursday of the month from 2:00 - 4:00 p.m. or until supplies last,,,false,false,false,true,false,false,false,,,,3rd,,,,,,,2:00 PM - 4:00 PM,,,
Feaster Charter School Pantry,"Chula Vista, CA 91910",,CA,91910,619-422-8397,Walk-up,3rd Wednesday of the month from 10:00 - 11:00 a.m.,,,false,false,true,false,false,false,false,,,3rd,,,,,,,10:00 AM - 11:00 AM,,,,
Lindo Park Elementary School Pantry,"Lakeside, CA 92040",,CA,92040,,Walk-up,1st and 3rd Wednesday of the month from 3:00 - 5:00 p.m.,,,false,false,true,false,false,false,false,,,"1st, 3rd",,,,,,,3:00 PM - 5:00 PM,,,,
Stepping Higher,"San Diego, CA 92102",,CA,92102,,Walk-up,weekly,,,false,true,true,true,false,false,false,,weekly,weekly,weekly,,,,,10:00 AM - 1:00 PM,10:00 AM - 1:00 PM,10:00 AM - 1:00 PM,,,
Masjidul Taqwa,"San Diego, CA 92102",,CA,92102,619-239-6738,Walk-up,2nd and 4th Saturday of the month from 10:00 a.m. - 12:00 p.m.,,,false,false,false,false,false,true,false,,,,,,"2nd, 4th",,,,,,,10:00 AM - 12:00 PM,
Mission Village Christian,"San Diego, CA 92123",,CA,92123,619-278-2647,"Walk-up, Drive-through",weekly,Residents of 92123 zip code only,,false,false,true,false,false,false,false,,,weekly,,,,,,,10:00 AM - 1:00 PM,,,,
New Season's Church,2300 Bancroft Drive,Spring Valley,CA,91977,,walk-up & drive through,2nd Wednesday of each month 9:00 AM - 11:00 AM,Seniors 60+ only,30 lb senior food box; rescheduled Nov 16; cart & reusable bags recommended,false,false,true,false,false,false,false,,,2nd,,,,,,9:00 AM - 11:00 AM,,,,,
New Season's Church,2300 Bancroft Drive,Spring Valley,CA,91977,,drive through,4th Tuesday of the month from 9:00 AM until food is gone,All are welcome,Produce distribution; Food Bank ID cards available,false,true,false,false,false,false,false,,4th,,,,,,,9:00 AM - until food is gone,,,,,
New Life Baptist Church,9255 Lamar Street,Spring Valley,CA,91977,,walk-up & drive through,3rd Tuesday of the month 12:30 PM - 3:00 PM,EFAP income guidelines apply,Dry/frozen items; menu varies monthly,false,true,false,false,false,false,false,,3rd,,,,,,,12:30 PM - 3:00 PM,,,,,
MAAC Project at San Martin de Porres Apartments,9140 Akard Street,Spring Valley,CA,91977,,walk-up,3rd Tuesday of the month 10:00 AM - 1:00 PM,EFAP income guidelines apply,Walk-up only; cart & reusable bags required,false,true,false,false,false,false,false,,3rd,,,,,,,10:00 AM - 1:00 PM,,,,,
Heaven's Windows,8848 Troy Street,Spring Valley,CA,91977,,walk-up,Tuesday–Friday 9:00 AM - 12:00 PM,EFAP income guidelines apply,Closed on multiple holidays; Food Bank ID cards available,false,true,true,true,true,false,false,,Weekly,Weekly,Weekly,Weekly,,,9:00 AM - 12:00 PM,9:00 AM - 12:00 PM,9:00 AM - 12:00 PM,9:00 AM - 12:00 PM,,,
Samoa Independent Full Gospel,2055 Skyline Drive,Lemon Grove,CA,91945,,walk-up,Last Friday of the month from 9:00 AM until food is gone,All are welcome,Produce distribution; Food Bank ID cards available; reschedules Nov 20 & Dec 18,false,false,false,true,false,false,false,,,,Last,,,,9:00 AM - until food is gone,,,,,,
Faith Chapel,9400 Campo Road,Spring Valley,CA,91977,,drive through,3rd Monday of the month from 10:00 AM until food is gone,All are welcome,Produce distribution; Food Bank ID cards available,true,false,false,false,false,false,false,3rd,,,,,,,10:00 AM - until food is gone,,,,,,
St John's Plaza,8150 Broadway,Lemon Grove,CA,91945,,walk-up,2nd Thursday of each month 1:30 PM - 3:00 PM,Seniors 60+ only,Residents recommended; cart & reusable bags required,false,false,true,false,false,false,false,,,2nd,,,,,1:30 PM - 3:00 PM,,,,,,
North Park Apostolic,2515 Lemon Grove Avenue,Lemon Grove,CA,91945,,drive through,4th Thursday from 12:00 PM until food is gone,All are welcome,Produce distribution; Food Bank ID cards available,false,false,true,false,false,false,false,,,4th,,,,,12:00 PM - until food is gone,,,,,,
Ministerio Tiempo Nuevo - Lemon Grove,8179 Broadway Boulevard,Lemon Grove,CA,91945,,not mentioned,Monday–Thursday 7:00 AM - 9:30 AM,EFAP income guidelines apply,Multiple holiday closures,true,true,true,true,false,false,true,Weekly,Weekly,Weekly,Weekly,,,7:00 AM - 9:30 AM,7:00 AM - 9:30 AM,7:00 AM - 9:30 AM,7:00 AM - 9:30 AM,,,,
Christian Church of Lemon Grove,6970 San Miguel Avenue,Lemon Grove,CA,91945,,drive through,4th Tuesday of the month 3:00 PM - 5:00 PM,EFAP income guidelines apply,,false,true,false,false,false,false,false,,4th,,,,,,,3:00 PM - 5:00 PM,,,,,
La Mesa Springs Apartments,8070 Orange Avenue,La Mesa,CA,91941,,walk-up,2nd Wednesday of each month 1:30 PM - 2:30 PM,Seniors 60+ only,30 lb senior food box; rescheduled Nov 16,false,false,true,false,false,false,false,,,2nd,,,,,,1:30 PM - 2:30 PM,,,,,
Journey Community Church,8363 Center Drive Suite 6C,La Mesa,CA,91942,,drive through,2nd Friday of the month from 9:00 AM until food is gone,All are welcome,Produce distribution; Food Bank ID cards available,false,false,false,true,false,false,true,,,,2nd,,,9:00 AM - until food is gone,,,,,,,
Bayview Baptist Church,6134 Pastor Timothy J Winters Street,San Diego,CA,92114,,walk-up,4th Wednesday of each month 9:00 AM - 10:30 AM,Seniors 60+ only,,false,false,true,false,false,false,false,,,4th,,,,,,9:00 AM - 10:30 AM,,,,,
Encanto Southern Baptist Church,6020 Akins Ave,San Diego,CA,92114,,walk-up,1st Thursday of the month 11:00 AM - 12:30 PM,EFAP income guidelines apply,Rescheduled Jan 8; Food Bank ID cards available,false,false,true,false,false,false,false,,,1st,,,,,11:00 AM - 12:30 PM,,,,,,
St Stephen's Church of God in Christ,5825 Imperial Avenue,San Diego,CA,92114,,walk-up & drive through,1st Tuesday of each month 1:00 PM - 3:00 PM,Seniors 60+ only,Walk-up only for those without vehicle; cart & reusable bags required,false,true,false,false,false,false,false,,1st,,,,,,,1:00 PM - 3:00 PM,,,,,
St Stephen's Church of God in Christ,5825 Imperial Avenue,San Diego,CA,92114,,walk-up & drive through,3rd Monday of the month from 9:00 AM until food is gone,All are welcome,Produce distribution; Food Bank ID cards available,true,false,false,false,false,false,false,3rd,,,,,,,9:00 AM - until food is gone,,,,,,
Church of Christ 61st St,6070 Division Street,San Diego,CA,92114,,drive through,3rd Saturday of the month 9:00 AM - 10:00 AM,EFAP income guidelines apply,Additional pop-up distributions noted in description,false,false,false,false,false,true,false,,,,,,3rd,,9:00 AM - 10:00 AM,,,,,,
Calvary Evangelical Lutheran Church,3060 54th Street,San Diego,CA,92105,,walk-up,Monday & Wednesday 11:00 AM - 2:00 PM,EFAP income guidelines apply,Multiple holiday closures; Food Bank ID cards available,true,false,true,false,false,false,false,Weekly,,Weekly,,,,,11:00 AM - 2:00 PM,,11:00 AM - 2:00 PM,,,,
Aguilas del Poderoso Dios,5901 Rancho Hills Drive,San Diego,CA,92139,,walk-up & drive through,1st & 3rd Thursday 10:00 AM until food runs out,All are welcome,Produce distribution; multiple reschedules/cancellations listed,false,false,true,false,false,false,false,,,1st & 3rd,,,,,10:00 AM - until food runs out,,,,,,
New Hope Seventh Day Adventist Church,2420 52nd Street,San Diego,CA,92105,,not mentioned,2nd Thursday of the month 9:00 AM - 11:00 AM,EFAP income guidelines apply,,false,false,true,false,false,false,false,,,2nd,,,,,9:00 AM - 11:00 AM,,,,,,
Colina Del Sol Park Recreation Center - South Parking Lot,5319 Orange Avenue,San Diego,CA,92115,,walk-up & drive through,4th Wednesday of each month 1:00 PM - 3:00 PM,Seniors 60+ only,Drive-thru entrance restrictions; rescheduled Dec 2,false,false,true,false,false,false,false,,,4th,,,,,,1:00 PM - 3:00 PM,,,,,
Somali Bantu Association of America,4979 University Avenue Suite A,San Diego,CA,92105,,walk-up,2nd Wednesday of the month 11:00 AM - 5:00 PM,EFAP income guidelines apply,Rescheduled to Nov 4,false,false,true,false,false,false,false,,,2nd,,,,,,11:00 AM - 5:00 PM,,,,,
Food Pantry at Chollas View Church,904 47th Street,San Diego,CA,92102,,drive through,Saturdays 10:00 AM - 12:00 PM,EFAP income guidelines apply,Diapers and period supplies available,false,false,false,false,false,true,false,,,,,,Weekly,,10:00 AM - 12:00 PM,,,,,,
Salvation Army - El Cajon,1025 East Main Street,El Cajon,CA,92021,,not mentioned,3rd Wednesday of the month 9:00 AM - 12:00 PM,EFAP income guidelines apply,Line numbers issued at 9:00 AM; diapers & period supplies,false,false,true,false,false,false,false,,,3rd,,,,,,9:00 AM - 12:00 PM,,,,,
Las Palmas Park,Intersection of E 20th St & Newell St,National City,CA,91950,,walk-up & drive through,1st Friday of the month 9:00 AM - 11:00 AM,Seniors 60+ only,Entrance directions provided; rescheduled July 6,false,false,false,true,false,false,true,,,,1st,,,9:00 AM - 11:00 AM,,,,,,,
Meridian Baptist Church,660 S 3rd Street,El Cajon,CA,92019,,walk-up & drive through,2nd Friday of each month 1:00 PM - 3:00 PM,Seniors 60+ only,South gate entry; gate opens at 1 PM,false,false,false,true,false,false,true,,,,2nd,,,1:00 PM - 3:00 PM,,,,,,,
Us 4 Warriors,900 Paseo del Rey,Chula Vista,CA,91910,,walk-up & drive through,4th Tuesday of the month 12:00 PM - 1:00 PM,All are welcome,Produce distribution; Food Bank ID cards available,false,true,false,false,false,false,false,,4th,,,,,,,12:00 PM - 1:00 PM,,,,,
El Cajon New Season's Church,990 Naranca Avenue,El Cajon,CA,92021,,walk-up & drive through,2nd Thursday of each month 9:30 AM - 12:00 PM,Seniors 60+ only,,false,false,true,false,false,false,false,,,2nd,,,,,9:30 AM - 12:00 PM,,,,,,
ICNA Relief USA,833 Broadway,El Cajon,CA,92021,,not mentioned,1st Thursday of the month 9:00 AM - 11:00 AM,EFAP income guidelines apply,Rescheduled Jan 8,false,false,true,false,false,false,false,,,1st,,,,,9:00 AM - 11:00 AM,,,,,,
Mountain View Community Center,641 S Boundary Street,San Diego,CA,92113,,walk-up & drive-through,9:00 AM,Seniors 60+ only,Senior Food Program box,true,false,false,false,false,false,false,1st,,,,,,,9:00 AM - 11:00 AM,,,,,,
Iglesia Casa de Alabanza,4250 El Cajon Boulevard,San Diego,CA,92105,,walk-up,3:30 PM,All are welcome,Produce distribution,true,false,false,false,false,false,false,Weekly,,,,,,,3:30 PM - 6:00 PM,,,,,,
Mid-City Church of the Nazarene,4101 University Avenue,San Diego,CA,92105,,walk-up,1:30 PM,Seniors 60+ only,,false,true,true,false,false,false,false,,,3rd,,,,,1:30 PM - 3:00 PM,,,,,,
Mid-City Church of the Nazarene,4101 University Avenue,San Diego,CA,92105,,walk-up,9:00 AM,EFAP income guidelines apply,Rescheduled July 11 & Sept 12,false,false,false,false,false,true,false,,,,,,1st,,,,,9:00 AM - 11:00 AM,,,
Harvest Ridge Apartments,1388 E Palomar Street,Chula Vista,CA,91913,,walk-up,1:30 PM,Seniors 60+ only,,false,true,false,false,false,false,false,,2nd,,,,,,,1:30 PM - 3:00 PM,,,,,
El Cajon Seventh-Day Adventist Church,1630 E Madison Avenue,El Cajon,CA,92019,,drive-through,3:30 PM,All are welcome,Produce distribution,false,true,false,false,false,false,false,,3rd,,,,,,,3:30 PM - 5:00 PM,,,,,
Ascension Evangelical Lutheran Church,5106 Zion Avenue,San Diego,CA,92120,,not mentioned,8:30 AM,EFAP income guidelines apply,Tuesdays & Saturdays,false,true,false,false,false,true,false,,Weekly,,,,Weekly,,,8:30 AM - 10:30 AM,,,,8:30 AM - 10:30 AM,
Ascension Evangelical Lutheran Church,6767 51st Street,San Diego,CA,92120,,not mentioned,8:30 AM,EFAP income guidelines apply,Rescheduled July 10,false,false,false,true,false,false,false,,,,1st,,,,,,8:30 AM - 10:30 AM,,,,
St Mark's Lutheran Church,580 Hilltop Drive,Chula Vista,CA,91910,,walk-up & drive-through,9:00 AM,Seniors 60+ only,,false,true,false,false,false,false,false,,2nd,,,,,,,9:00 AM - 11:30 AM,,,,,
Lutheran Social Services of SoCal Project Hand,580 Hilltop Drive,Chula Vista,CA,91910,,walk-up,9:00 AM,EFAP income guidelines apply,Closed select holidays,true,false,true,false,true,false,false,Weekly,,Weekly,,Weekly,,,9:00 AM - 2:00 PM,,9:00 AM - 2:00 PM,,9:00 AM - 2:00 PM,,
Lutheran Social Services of SoCal Project Hand,580 Hilltop Drive,Chula Vista,CA,91910,,drive-through,9:00 AM,EFAP income guidelines apply,,false,false,false,true,false,false,false,,,,2nd,,,,,,9:00 AM - until gone,,,,
National City Public Library,1401 National City Boulevard,National City,CA,91950,,walk-up & drive-through,8:00 AM,Seniors 60+ only,,false,false,false,true,false,false,false,,,,4th,,,,,,8:00 AM - 11:00 AM,,,,
Apostolic Assembly First Church San Diego,611 South 35th St,San Diego,CA,92113,,walk-up & drive-through,10:00 AM,EFAP income guidelines apply,,false,false,false,true,false,false,false,,,,2nd,,,,,,10:00 AM - 12:00 PM,,,,
St Vincent De Paul / Father Joe's Villages,3350 E Street,San Diego,CA,92102,,walk-up & drive-through,12:00 PM,EFAP income guidelines apply,,false,false,false,true,false,false,false,,,,Weekly,,,,,,12:00 PM - 2:00 PM,,,,
South Bay Pentecostal,395 D Street,Chula Vista,CA,91910,,drive-through,9:00 AM,All are welcome,Produce distribution,false,false,false,true,false,false,false,,,,1st,,,,,,9:00 AM - until gone,,,,
SBCS National City Family Resource Center,304 West 18th Street,National City,CA,91950,,walk-up,Tuesdays–Thursdays 8:00 AM,EFAP income guidelines apply,Bring cart & reusable bags; holiday closures listed,false,true,true,true,false,false,false,,weekly,weekly,weekly,,,,,8:00 AM - 12:00 PM,8:00 AM - 12:00 PM,8:00 AM - 12:00 PM,,,
Good News Baptist Church,4106 Swift Avenue,San Diego,CA,92104,,walk-up,1st Friday 9:00 AM,EFAP income guidelines apply,Line numbers issued at 7:00 AM; holiday reschedule,false,false,false,false,true,false,false,,,,,1st,,,9:00 AM - 11:00 AM,,,,,,
Good News Missionary Baptist Church,4106 Swift Avenue,San Diego,CA,92104,,walk-up,2nd Wednesday 1:30 PM,Seniors only (60+),30 lb food box,false,false,true,false,false,false,false,,,2nd,,,,,1:30 PM - 2:30 PM,,,,,,
San Diego Food Bank at Jamul Casino,14145 Campo Road,Jamul,CA,91935,,walk-up,4th Tuesday 9:00 AM,All are welcome,Produce; diapers & period supplies,false,true,false,false,false,false,false,,4th,,,,,,9:00 AM - 10:00 AM,,,,,,
St Paul United Methodist Church of San Diego,3094 L Street,San Diego,CA,92102,,walk-up,1st & 4th Thursday,EFAP income guidelines apply,Diapers & period supplies; holiday reschedules,false,false,false,true,false,false,false,,,,1st & 4th,,,,,12:00 PM - 2:00 PM; 3:30 PM - 5:30 PM,,,,,
CMC Good Neighbor Center (Meade Site),3295 Meade Avenue,San Diego,CA,92116,,walk-up,Wednesdays 10:00 AM,EFAP income guidelines apply,Holiday closures listed,false,false,true,false,false,false,false,,,weekly,,,,,10:00 AM - 12:00 PM,,,,,,
Laurel Park Apartments,10122 Buena Vista Avenue,Santee,CA,92071,,walk-up,4th Monday 10:30 AM,Seniors only (60+),30 lb food box; holiday reschedules,true,false,false,false,false,false,true,4th,,,,,,10:30 AM - 11:30 AM,,,,,,,
Stepping Higher Incorporated,138 28th Street,San Diego,CA,92102,,walk-up,Tuesdays–Thursdays 10:00 AM,EFAP income guidelines apply,Food Bank ID cards; holiday closures,false,true,true,true,false,false,false,,weekly,weekly,weekly,,,,,10:00 AM - 1:00 PM,10:00 AM - 1:00 PM,10:00 AM - 1:00 PM,,,
San Diego Broadway Spanish Seventh Day Adventist,2411 Broadway Street,San Diego,CA,92102,,not mentioned,1st Saturday 2:30 PM,EFAP income guidelines apply,Holiday reschedules,false,false,false,false,false,true,false,,,,,,1st,,2:30 PM - 4:30 PM,,,,,,
Sherman Heights Community Center,2258 Island Avenue,San Diego,CA,92102,,walk-up,1st Thursday 9:00 AM,EFAP income guidelines apply,Special lines for seniors & people with disabilities,false,false,false,true,false,false,false,,,,1st,,,,,9:00 AM - 12:00 PM,,,,,
Sherman Heights Community Center (Seniors),2258 Island Avenue,San Diego,CA,92102,,walk-up,2nd Wednesday 9:00 AM,Seniors only (60+),Dog food available,false,false,true,false,false,false,false,,,2nd,,,,,9:00 AM - 11:00 AM,,,,,,
MAAC Project at Mercado Apartments,2001 Newton Avenue,San Diego,CA,92113,,walk-up,1st Thursday 9:00 AM,EFAP income guidelines apply,Food Bank ID cards available,false,false,false,true,false,false,false,,,,1st,,,,,9:00 AM - 11:00 AM,,,,,
Victory Resource Center,"1220 Third Avenue, Suite 1",Chula Vista,CA,91911,,not mentioned,"Mondays, Wednesdays, Fridays 10:00 AM",EFAP income guidelines apply,Starts Jan 28; extensive holiday closures,true,false,true,false,true,false,false,weekly,,weekly,,weekly,,,10:00 AM - 1:00 PM,,10:00 AM - 1:00 PM,,10:00 AM - 1:00 PM,,
LGBT Community Center (Seniors),3909 Centre Street,San Diego,CA,92103,,drive through & walk-up,4th Tuesday 1:00 PM,Seniors only (60+),Walk-up only for those without vehicles,false,true,false,false,false,false,false,,4th,,,,,,1:00 PM - 3:00 PM,,,,,,
LGBT Community Center (Produce),3909 Centre Street,San Diego,CA,92103,,drive through & walk-up,1st Tuesday 8:00 AM,All are welcome,Food Bank ID cards; holiday reschedule noted,false,true,false,false,false,false,false,,1st,,,,,,8:00 AM - 10:00 AM,,,,,,
MAAC Project at Chula Vista,1385 Third Avenue,Chula Vista,CA,91911,,drive through & walk-up,3rd Thursday 8:30 AM,EFAP income guidelines apply,No holiday reschedules,false,false,false,true,false,false,false,,,,3rd,,,,,8:30 AM - 10:30 AM,,,,,
MAAC Project Community Center (Seniors),1387 3rd Avenue,Chula Vista,CA,91911,,drive through & walk-up,4th Friday 9:00 AM,Seniors only (60+),30 lb food box; holiday reschedules,false,false,false,false,true,false,false,,,,,4th,,,9:00 AM - 3:00 PM,,,,,,
Mountain Empire Route: Jamul Community Church,14866 Lyons Valley Road,Jamul,CA,91935,,drive through,4th Thursday 8:00 AM,Seniors only (60+),Drive-thru only; holiday reschedules,false,false,false,true,false,false,false,,,,4th,,,,,8:00 AM - 8:30 AM,,,,,
Jamul Community Church,14866 Lyons Valley Road,Jamul,CA,91935,,drive through & walk-up,Call for schedule,All are welcome,Nonperishable food & produce; Food ID cards,false,false,false,false,false,false,false,,,,,,,,,,,,,,
San Diego Armed Services YMCA,3293 Santo Road,San Diego,CA,92124,,drive through & walk-up,4th Thursday 10:00 AM,EFAP income guidelines apply,Holiday reschedules,false,false,false,true,false,false,false,,,,4th,,,,,10:00 AM - 12:00 PM,,,,,
Oxford Terrace Apartments,555 Oxford Street,Chula Vista,CA,91911,,walk-up,2nd Wednesday 9:00 AM,EFAP income guidelines apply,Line numbers at 6:00 AM; holiday reschedule,false,false,true,false,false,false,false,,,2nd,,,,,9:00 AM - 1:00 PM,,,,,,
Santee Food Bank,9715 Halberns Boulevard,Santee,CA,92071,,drive through & walk-up,3rd Tuesday 8:00 AM,EFAP income guidelines apply,No holiday reschedules,false,true,false,false,false,false,false,,3rd,,,,,,8:00 AM - 11:00 AM,,,,,,
Salvation Army Downtown,730 F Street,San Diego,CA,92101,,walk-up,4th Tuesday 9:00 AM,Seniors only (60+),30 lb food box,false,true,false,false,false,false,false,,4th,,,,,,9:00 AM - 11:30 AM,,,,,,
Salvation Army Centre City,825 7th Avenue,San Diego,CA,92101,,walk-up,3rd Friday 9:00 AM,EFAP income guidelines apply,Holiday reschedule in June,false,false,false,false,true,false,false,,,,,3rd,,,9:00 AM - 11:00 AM,,,,,,
Lakeside Gardens Inc.,12219 Roberts Way,Lakeside,CA,92040,,drive through & walk-up,4th Monday 9:00 AM,Seniors only (60+),Holiday reschedules,true,false,false,false,false,false,true,4th,,,,,,9:00 AM - 10:00 AM,,,,,,,
Lakeside Christian Helps Center,9931 Channel Road,Lakeside,CA,92040,,walk-up,Monday–Thursday 10:00 AM,EFAP income guidelines apply,Holiday closures listed,true,true,true,true,false,false,false,weekly,weekly,weekly,weekly,,,,10:00 AM - 12:00 PM,10:00 AM - 12:00 PM,10:00 AM - 12:00 PM,10:00 AM - 12:00 PM,,,
Special Delivery SD,4021 Goldfinch Street,San Diego,CA,92103,,walk-up,Monday–Thursday 11:30 AM,EFAP income guidelines apply,Holiday closures listed,true,true,true,true,false,false,false,weekly,weekly,weekly,weekly,,,,11:30 AM - 1:00 PM,11:30 AM - 1:00 PM,11:30 AM - 1:00 PM,11:30 AM - 1:00 PM,,,
MAAC Project Villa Lakeshore Apartments,12606 Lakeshore Drive,Lakeside,CA,92040,,drive through,2nd Tuesday 9:00 AM,EFAP income guidelines apply,Until food is gone; drive-thru only,false,true,false,false,false,false,false,,2nd,,,,,,9:00 AM - until gone,,,,,,
Jewish Family Services of SD,8804 Balboa Avenue,San Diego,CA,92123,,drive through & walk-up,2nd Sunday 4:00 PM,EFAP income guidelines apply,No distribution Sept 2026; special Feb hours,false,false,false,false,false,false,true,,,,,,,2nd,,4:00 PM - 5:30 PM,,,,,
Iglesia Cristiana Getsemani,3055 Beyer Boulevard Ste #C101,San Diego,CA,92154,,drive through & walk-up,2nd Wednesday 10:00 AM,EFAP income guidelines apply,Food Bank ID cards; holiday reschedule,false,false,true,false,false,false,false,,,2nd,,,,,10:00 AM - 12:00 PM,,,,,,
CMC Good Neighbor Center (Nestor Site),1120 Nestor Way,Nestor,CA,92154,,walk-up,Tuesdays 8:30 AM,EFAP income guidelines apply,Holiday closures listed,false,true,false,false,false,false,false,,weekly,,,,,,8:30 AM - 10:30 AM,,,,,,
Nestor Methodist Church,1120 Nestor Way,San Diego,CA,92154,,walk-up,2nd Friday 8:00 AM,EFAP income guidelines apply,Line numbers at 5:30 AM,false,false,false,false,true,false,false,,,,,2nd,,,8:00 AM - 10:00 AM,,,,,,
Upper Room Pentecostal,631 12th Street,Imperial Beach,CA,91932,,drive through & walk-up,2nd Saturday 9:00 AM,EFAP income guidelines apply,ID cards available,false,false,false,false,false,true,false,,,,,,2nd,,9:00 AM - 11:00 AM,,,,,,
Hearts & Hands Working Together (Produce),4235 Beyer Blvd.,San Ysidro,CA,92173,,walk-up,1st Tuesday 8:00 AM,All are welcome,Produce distribution; Food Bank ID cards,false,true,false,false,false,false,false,,1st,,,,,,8:00 AM - until gone,,,,,,
Our Lady of Mount Carmel Catholic Church,2020 Alaquinas Drive,San Ysidro,CA,92173,,walk-up,3rd Monday 10:00 AM,Seniors only (60+),Holiday reschedules,true,false,false,false,false,false,true,3rd,,,,,,10:00 AM - 1:30 PM,,,,,,,
Old Town Community Church,2444 Congress Street,San Diego,CA,92110,,drive through & walk-up,Wednesdays 9:00 AM,EFAP income guidelines apply,Holiday closure Nov 11,false,false,true,false,false,false,false,,,weekly,,,,,9:00 AM - 3:00 PM,,,,,,
Imperial Beach Neighborhood Center,455 Palm Avenue,Imperial Beach,CA,91932,,walk-up,3rd Thursday 9:00 AM,EFAP income guidelines apply,Possible location change after Feb 2026,false,false,false,true,false,false,false,,,,3rd,,,,,9:00 AM - 10:30 AM,,,,,
Hearts & Hands Working Together (Pantry),4235 Beyer Blvd.,San Ysidro,CA,92173,,walk-up,Every Friday 9:00 AM,EFAP income guidelines apply,Food Bank ID cards required,false,false,false,false,false,true,false,,,,,,weekly,,,9:00 AM - 12:00 PM,,,,,
Bonita–Spring Valley Food Bank,1262 Sweetwater Road,Chula Vista,CA,91910,,drive through & walk-up,1st & 3rd Wednesday 9:00 AM,EFAP income guidelines apply,Drive-thru preferred; holidays may reschedule,false,false,true,false,false,false,false,,,1st & 3rd,,,,,9:00 AM - 11:30 AM,,,,,,
East County Transitional Living Center,250 E. Main Street,El Cajon,CA,92020,,walk-up,Thursdays 10:00 AM,EFAP income guidelines apply,Holiday closures,false,false,true,false,false,false,false,,,weekly,,,,,10:00 AM - 12:00 PM,,,,,,
Father Joe’s Villages,1501 Imperial Avenue,San Diego,CA,92101,,walk-up,Monday–Friday 8:00 AM,All are welcome,Holiday closures; ID card recommended,true,true,true,true,true,false,false,weekly,weekly,weekly,weekly,weekly,,,,8:00 AM - 12:00 PM,8:00 AM - 12:00 PM,8:00 AM - 12:00 PM,8:00 AM - 12:00 PM,8:00 AM - 12:00 PM,
Escondido Community Services,650 W. 9th Avenue,Escondido,CA,92025,,walk-up,2nd & 4th Tuesday 9:00 AM,EFAP income guidelines apply,Holiday reschedules; line forms at 7:30 AM,false,true,false,false,false,false,true,,2nd & 4th,,,,,9:00 AM - 11:00 AM,,,,,,,
Vista Community Clinic,1000 Vale Terrace Drive,Vista,CA,92084,,drive through,1st Wednesday 10:00 AM,EFAP income guidelines apply,Drive-thru only; no holiday service,false,false,true,false,false,false,false,,,1st,,,,,10:00 AM - 12:00 PM,,,,,,
North County Food Bank,1050 E. Valley Parkway,Escondido,CA,92027,,walk-up,3rd Thursday 8:30 AM,EFAP income guidelines apply,Line numbers distributed at 7:00 AM; holiday closures,false,false,true,false,false,false,false,,,3rd,,,,,8:30 AM - 11:00 AM,,,,,,
Interfaith Community Services,550 W. Washington Avenue,Escondido,CA,92025,,walk-up,Fridays 9:00 AM,EFAP income guidelines apply,Holiday closures; donations accepted,false,false,false,false,true,false,false,,,,,weekly,,,9:00 AM - 12:00 PM,,,,,,
San Marcos Food Bank,1140 W. Mission Road,San Marcos,CA,92069,,walk-up,1st Saturday 9:00 AM,EFAP income guidelines apply,Holiday closures,false,false,false,false,false,true,false,,,,,,1st,,9:00 AM - 12:00 PM,,,,,,
Carlsbad Community Church,3175 Harding Street,Carlsbad,CA,92008,,drive through & walk-up,2nd & 4th Wednesday 10:00 AM,EFAP income guidelines apply,Holiday closures,false,false,true,false,false,false,false,,,2nd & 4th,,,,,10:00 AM - 12:00 PM,,,,,,
Encinitas Community Center,1140 Oakcrest Park Drive,Encinitas,CA,92024,,walk-up,Thursdays 9:00 AM,EFAP income guidelines apply,Holiday closures; donations accepted,false,false,true,false,false,false,false,,,weekly,,,,,9:00 AM - 11:30 AM,,,,,,
Del Mar Food Pantry,225 9th Street,Del Mar,CA,92014,,walk-up,1st Tuesday 10:00 AM,EFAP income guidelines apply,Holiday closures; ID cards required,false,true,false,false,false,false,true,,1st,,,,,10:00 AM - 12:00 PM,,,,,,,
Solana Beach Lutheran Church,120 Stevens Avenue,Solana Beach,CA,92075,,walk-up,3rd Thursday 9:00 AM,EFAP income guidelines apply,Holiday closures,false,false,true,false,false,false,false,,,3rd,,,,,9:00 AM - 11:00 AM,,,,,,
Rancho Bernardo Community Food Pantry,16820 Bernardo Center Drive,Rancho Bernardo,CA,92127,,walk-up,1st & 3rd Monday 9:00 AM,EFAP income guidelines apply,Holiday closures,true,false,false,false,false,true,false,1st & 3rd,,,,,9:00 AM - 11:30 AM,,,,,,,,
Poway Food Pantry,13550 Midland Road,Poway,CA,92064,,walk-up,2nd Tuesday 9:00 AM,EFAP income guidelines apply,Holiday closures,false,true,false,false,false,false,true,,2nd,,,,,9:00 AM - 11:00 AM,,,,,,,
Jewish Family Services North County,160 Calle Magdalena,Encinitas,CA,92024,,walk-up,Every Thursday 10:00 AM,EFAP income guidelines apply,Holiday closures,false,false,true,false,false,false,false,,,weekly,,,,,10:00 AM - 12:00 PM,,,,,,
San Dieguito United Methodist Church,170 Calle Magdalena,Encinitas,CA,92024,,walk-up,3rd Friday 9:00 AM,EFAP income guidelines apply,Holiday closures,false,false,false,false,true,false,false,,,,,3rd,,,9:00 AM - 11:00 AM,,,,,,