[
  {
    "name": "Santa Sophia Conference",
    "location": "Spring Valley, CA 91977",
    "city": "",
    "zip": "91977",
    "phone": "619-341-1786",
    "type": "Walk-up",
    "schedule": "weekly",
    "eligibility": "Serves residents in: 91977, 91978, 91941, 91945, 92019 *Requires ID and utility bill for proof of residence*",
    "notes": "",
    "monday": false,
    "tuesday": true,
    "wednesday": false,
    "thursday": true,
    "friday": false,
    "saturday": true,
    "sunday": false,
    "frequency": {
      "monday": "",
      "tuesday": "weekly",
      "wednesday": "",
      "thursday": "weekly",
      "friday": "",
      "saturday": "weekly",
      "sunday": ""
    },
    "hours": {
      "monday": "",
      "tuesday": "9:30 AM - 11:00 AM",
      "wednesday": "",
      "thursday": "9:30 AM - 11:00 AM",
      "friday": "",
      "saturday": "9:30 AM - 11:00 AM",
      "sunday": ""
    }
  },
  {
    "name": "Spring Valley Produce Pantry",
    "location": "Spring Valley, CA 91977",
    "city": "",
    "zip": "91977",
    "phone": "",
    "type": "Walk-up",
    "schedule": "1st Monday of the month from 10:00 - 11:00 a.m.",
    "eligibility": "",
    "notes": "",
    "monday": false,
    "tuesday": false,
    "wednesday": false,
    "thursday": false,
    "friday": false,
    "saturday": false,
    "sunday": false,
    "frequency": {
      "monday": "1st",
      "tuesday": "",
      "wednesday": "",
      "thursday": "",
      "friday": "",
      "saturday": "",
      "sunday": ""
    },
    "hours": {
      "monday": "10:00 AM - 11:00 AM",
      "tuesday": "",
      "wednesday": "",
      "thursday": "",
      "friday": "",
      "saturday": "",
      "sunday": ""
    }
  },
  {
    "name": "Heaven's Windows",
    "location": "Spring Valley, CA 91977",
    "city": "",
    "zip": "91977",
    "phone": "619-303-7806",
    "type": "Walk-up, Drive-through",
    "schedule": "weekly",
    "eligibility": "",
    "notes": "",
    "monday": false,
    "tuesday": true,
    "wednesday": true,
    "thursday": true,
    "friday": true,
    "saturday": false,
    "sunday": false,
    "frequency": {
      "monday": "",
      "tuesday": "weekly",
      "wednesday": "weekly",
      "thursday": "weekly",
      "friday": "weekly",
      "saturday": "",
      "sunday": ""
    },
    "hours": {
      "monday": "",
      "tuesday": "9:00 AM - 12:00 PM",
      "wednesday": "9:00 AM - 12:00 PM",
      "thursday": "9:00 AM - 12:00 PM",
      "friday": "9:00 AM - 12:00 PM",
      "saturday": "",
      "sunday": ""
    }
  },
  {
    "name": "Pardise Valley SDA",
    "location": "Spring Valley, CA 91977",
    "city": "",
    "zip": "91977",
    "phone": "760-755-5325",
    "type": "Drive-through",
    "schedule": "1st Saturday of the month at 4:00 p.m.",
    "eligibility": "",
    "notes": "",
    "monday": false,
    "tuesday": false,
    "wednesday": false,
    "thursday": false,
    "friday": false,
    "saturday": false,
    "sunday": false,
    "frequency": {
      "monday": "",
      "tuesday": "",
      "wednesday": "",
      "thursday": "",
      "friday": "",
      "saturday": "1st",
      "sunday": ""
    },
    "hours": {
      "monday": "",
      "tuesday": "",
      "wednesday": "",
      "thursday": "",
      "friday": "",
      "saturday": "4:00 PM - 5:00 PM",
      "sunday": ""
    }
  },
  {
    "name": "LJC Ministries",
    "location": "Spring Valley, CA 91977",
    "city": "",
    "zip": "91977",
    "phone": "",
    "type": "Walk-up, Drive-through",
    "schedule": "1st and 3rd Thursday of the month from 10:30 a.m. - 12:00 p.m.",
    "eligibility": "",
    "notes": "",
    "monday": false,
    "tuesday": false,
    "wednesday": false,
    "thursday": false,
    "friday": false,
    "saturday": false,
    "sunday": false,
    "frequency": {
      "monday": "",
      "tuesday": "",
      "wednesday": "",
      "thursday": "1st, 3rd",
      "friday": "",
      "saturday": "",
      "sunday": ""
    },
    "hours": {
      "monday": "",
      "tuesday": "",
      "wednesday": "",
      "thursday": "10:30 AM - 12:00 PM",
      "friday": "",
      "saturday": "",
      "sunday": ""
    }
  },
  {
    "name": "Samoa/Lutheran Feeding Ministry",
    "location": "Lemon Grove, CA 91945",
    "city": "",
    "zip": "91945",
    "phone": "619-251-6834",
    "type": "",
    "schedule": "1st and last Friday of the month from 9:00 - 10:30 a.m.",
    "eligibility": "",
    "notes": "",
    "monday": false,
    "tuesday": false,
    "wednesday": false,
    "thursday": false,
    "friday": false,
    "saturday": false,
    "sunday": false,
    "frequency": {
      "monday": "",
      "tuesday": "",
      "wednesday": "",
      "thursday": "",
      "friday": "1st, last",
      "saturday": "",
      "sunday": ""
    },
    "hours": {
      "monday": "",
      "tuesday": "",
      "wednesday": "",
      "thursday": "",
      "friday": "9:00 AM - 10:30 AM",
      "saturday": "",
      "sunday": ""
    }
  },
  {
    "name": "Crosspointe - Our Church",
    "location": "La Mesa, CA 91942",
    "city": "",
    "zip": "91942",
    "phone": "619-464-3077",
    "type": "Walk-up, Drive-through",
    "schedule": "weekly",
    "eligibility": "ID Required Arrive no later than 9:00 a.m. Emergency food distribution is also available. Bring your own bags.",
    "notes": "",
    "monday": false,
    "tuesday": true,
    "wednesday": false,
    "thursday": true,
    "friday": false,
    "saturday": false,
    "sunday": false,
    "frequency": {
      "monday": "",
      "tuesday": "weekly",
      "wednesday": "",
      "thursday": "weekly",
      "friday": "",
      "saturday": "",
      "sunday": ""
    },
    "hours": {
      "monday": "",
      "tuesday": "9:00 AM - 10:00 AM",
      "wednesday": "",
      "thursday": "9:00 AM - 10:00 AM",
      "friday": "",
      "saturday": "",
      "sunday": ""
    }
  },
  {
    "name": "North Park Apostolic Church",
    "location": "Lemon Grove, CA 91945",
    "city": "",
    "zip": "91945",
    "phone": "619-229-2800",
    "type": "Walk-up, Drive-through",
    "schedule": "weekly",
    "eligibility": "",
    "notes": "",
    "monday": false,
    "tuesday": false,
    "wednesday": true,
    "thursday": true,
    "friday": false,
    "saturday": false,
    "sunday": false,
    "frequency": {
      "monday": "",
      "tuesday": "",
      "wednesday": "weekly",
      "thursday": "weekly",
      "friday": "",
      "saturday": "",
      "sunday": ""
    },
    "hours": {
      "monday": "",
      "tuesday": "",
      "wednesday": "12:00 PM - 2:00 PM",
      "thursday": "12:00 PM - 2:00 PM",
      "friday": "",
      "saturday": "",
      "sunday": ""
    }
  },
  {
    "name": "Shepherd's Pantry",
    "location": "El Cajon, CA 92020",
    "city": "",
    "zip": "92020",
    "phone": "619-442-9491",
    "type": "Walk-up, Drive-through",
    "schedule": "weekly",
    "eligibility": "",
    "notes": "",
    "monday": false,
    "tuesday": false,
    "wednesday": false,
    "thursday": false,
    "friday": false,
    "saturday": true,
    "sunday": false,
    "frequency": {
      "monday": "",
      "tuesday": "",
      "wednesday": "",
      "thursday": "",
      "friday": "",
      "saturday": "weekly",
      "sunday": ""
    },
    "hours": {
      "monday": "",
      "tuesday": "",
      "wednesday": "",
      "thursday": "",
      "friday": "",
      "saturday": "8:00 AM - 10:00 AM",
      "sunday": ""
    }
  },
  {
    "name": "Journey Community Church",
    "location": "La Mesa, CA 91942",
    "city": "",
    "zip": "91942",
    "phone": "619-464-4544",
    "type": "Walk-up, Drive-through",
    "schedule": "1st & 4th Thursday of the month at 7:00 p.m. 2nd Friday of the month at 9:00 a.m. 3rd Saturday of the month at 8:30 a.m.",
    "eligibility": "",
    "notes": "",
    "monday": false,
    "tuesday": false,
    "wednesday": false,
    "thursday": false,
    "friday": false,
    "saturday": false,
    "sunday": false,
    "frequency": {
      "monday": "",
      "tuesday": "",
      "wednesday": "",
      "thursday": "1st, 4th",
      "friday": "2nd",
      "saturday": "3rd",
      "sunday": ""
    },
    "hours": {
      "monday": "",
      "tuesday": "",
      "wednesday": "",
      "thursday": "19:00",
      "friday": "9:00",
      "saturday": "8:30",
      "sunday": ""
    }
  },
  {
    "name": "Trinity Lutheran Church",
    "location": "San Diego, CA 92114",
    "city": "",
    "zip": "92114",
    "phone": "619-262-1089",
    "type": "Walk-up",
    "schedule": "weekly",
    "eligibility": "",
    "notes": "",
    "monday": false,
    "tuesday": true,
    "wednesday": false,
    "thursday": true,
    "friday": false,
    "saturday": false,
    "sunday": false,
    "frequency": {
      "monday": "",
      "tuesday": "weekly",
      "wednesday": "",
      "thursday": "weekly",
      "friday": "",
      "saturday": "",
      "sunday": ""
    },
    "hours": {
      "monday": "",
      "tuesday": "9:00 AM - 2:00 PM",
      "wednesday": "",
      "thursday": "9:00 AM - 2:00 PM",
      "friday": "",
      "saturday": "",
      "sunday": ""
    }
  },
  {
    "name": "Christian Church of Lemon Grove",
    "location": "Lemon Grove, CA 91945",
    "city": "",
    "zip": "91945",
    "phone": "619-465-1888",
    "type": "Walk-up, Drive-through",
    "schedule": "2nd and 4th Tuesday of the month from 3:00 - 5:00 p.m.",
    "eligibility": "",
    "notes": "",
    "monday": false,
    "tuesday": false,
    "wednesday": false,
    "thursday": false,
    "friday": false,
    "saturday": false,
    "sunday": false,
    "frequency": {
      "monday": "",
      "tuesday": "2nd, 4th",
      "wednesday": "",
      "thursday": "",
      "friday": "",
      "saturday": "",
      "sunday": ""
    },
    "hours": {
      "monday": "",
      "tuesday": "3:00 PM - 5:00 PM",
      "wednesday": "",
      "thursday": "",
      "friday": "",
      "saturday": "",
      "sunday": ""
    }
  },
  {
    "name": "Lexington Elementary School Pantry",
    "location": "El Cajon, CA 92019",
    "city": "",
    "zip": "92019",
    "phone": "",
    "type": "Walk-up",
    "schedule": "1st and 3rd Friday of the month from 4:00 - 5:00 p.m.",
    "eligibility": "",
    "notes": "",
    "monday": false,
    "tuesday": false,
    "wednesday": false,
    "thursday": false,
    "friday": false,
    "saturday": false,
    "sunday": false,
    "frequency": {
      "monday": "",
      "tuesday": "",
      "wednesday": "",
      "thursday": "",
      "friday": "1st, 3rd",
      "saturday": "",
      "sunday": ""
    },
    "hours": {
      "monday": "",
      "tuesday": "",
      "wednesday": "",
      "thursday": "",
      "friday": "4:00 PM - 5:00 PM",
      "saturday": "",
      "sunday": ""
    }
  },
  {
    "name": "Salvation Army El Cajon",
    "location": "El Cajon, CA 92021",
    "city": "",
    "zip": "92021",
    "phone": "619-593-1077",
    "type": "Walk-up",
    "schedule": "weekly",
    "eligibility": "New clients will be asked to provide IDs. Diapers are provided for all children under the age of 3 years old once a month.",
    "notes": "",
    "monday": true,
    "tuesday": false,
    "wednesday": true,
    "thursday": false,
    "friday": true,
    "saturday": false,
    "sunday": false,
    "frequency": {
      "monday": "weekly",
      "tuesday": "",
      "wednesday": "weekly",
      "thursday": "",
      "friday": "weekly",
      "saturday": "",
      "sunday": ""
    },
    "hours": {
      "monday": "1:00 PM - 4:00 PM",
      "tuesday": "",
      "wednesday": "2:30 PM - 4:00 PM",
      "thursday": "",
      "friday": "1:00 PM - 6:00 PM",
      "saturday": "",
      "sunday": ""
    }
  },
  {
    "name": "Meridian Baptist Church",
    "location": "El Cajon, CA 92019",
    "city": "",
    "zip": "92019",
    "phone": "619-444-3171",
    "type": "Walk-up, Drive-through",
    "schedule": "weekly",
    "eligibility": "",
    "notes": "",
    "monday": false,
    "tuesday": false,
    "wednesday": false,
    "thursday": true,
    "friday": false,
    "saturday": false,
    "sunday": false,
    "frequency": {
      "monday": "",
      "tuesday": "",
      "wednesday": "",
      "thursday": "weekly",
      "friday": "",
      "saturday": "",
      "sunday": ""
    },
    "hours": {
      "monday": "",
      "tuesday": "",
      "wednesday": "",
      "thursday": "3:45 PM - 4:45 PM",
      "friday": "",
      "saturday": "",
      "sunday": ""
    }
  },
  {
    "name": "El Cajon Valley High School Pantry",
    "location": "El Cajon, CA 92021",
    "city": "",
    "zip": "92021",
    "phone": "619-401-4729",
    "type": "Drive-through",
    "schedule": "weekly",
    "eligibility": "",
    "notes": "",
    "monday": false,
    "tuesday": false,
    "wednesday": true,
    "thursday": false,
    "friday": false,
    "saturday": false,
    "sunday": false,
    "frequency": {
      "monday": "",
      "tuesday": "",
      "wednesday": "weekly",
      "thursday": "",
      "friday": "",
      "saturday": "",
      "sunday": ""
    },
    "hours": {
      "monday": "",
      "tuesday": "",
      "wednesday": "7:30 AM - 8:00 AM",
      "thursday": "",
      "friday": "",
      "saturday": "",
      "sunday": ""
    }
  },
  {
    "name": "I Am My Brother's Keeper",
    "location": "San Diego, CA 92114",
    "city": "",
    "zip": "92114",
    "phone": "619-262-7600",
    "type": "Walk-up, Drive-through",
    "schedule": "weekly",
    "eligibility": "By appointment only",
    "notes": "",
    "monday": false,
    "tuesday": true,
    "wednesday": false,
    "thursday": false,
    "friday": false,
    "saturday": false,
    "sunday": false,
    "frequency": {
      "monday": "",
      "tuesday": "weekly",
      "wednesday": "",
      "thursday": "",
      "friday": "",
      "saturday": "",
      "sunday": ""
    },
    "hours": {
      "monday": "",
      "tuesday": "1:00 PM - 3:00 PM",
      "wednesday": "",
      "thursday": "",
      "friday": "",
      "saturday": "",
      "sunday": ""
    }
  },
  {
    "name": "Rock Church - El Cajon",
    "location": "El Cajon, CA 92020",
    "city": "",
    "zip": "92020",
    "phone": "619-226-7625",
    "type": "Drive-through",
    "schedule": "3rd Tuesday of the month from 10:00 a.m. - 12:00 p.m.",
    "eligibility": "",
    "notes": "",
    "monday": false,
    "tuesday": false,
    "wednesday": false,
    "thursday": false,
    "friday": false,
    "saturday": false,
    "sunday": false,
    "frequency": {
      "monday": "",
      "tuesday": "3rd",
      "wednesday": "",
      "thursday": "",
      "friday": "",
      "saturday": "",
      "sunday": ""
    },
    "hours": {
      "monday": "",
      "tuesday": "10:00 AM - 12:00 PM",
      "wednesday": "",
      "thursday": "",
      "friday": "",
      "saturday": "",
      "sunday": ""
    }
  },
  {
    "name": "Fourth District Senior Resource Center",
    "location": "San Diego, CA 92114",
    "city": "",
    "zip": "92114",
    "phone": "619-266-2066",
    "type": "Walk-up",
    "schedule": "4th Thursday of the month at 11:30 a.m.",
    "eligibility": "Call first First come, first served distribution for seniors",
    "notes": "",
    "monday": false,
    "tuesday": false,
    "wednesday": false,
    "thursday": false,
    "friday": false,
    "saturday": false,
    "sunday": false,
    "frequency": {
      "monday": "",
      "tuesday": "",
      "wednesday": "",
      "thursday": "4th",
      "friday": "",
      "saturday": "",
      "sunday": ""
    },
    "hours": {
      "monday": "",
      "tuesday": "",
      "wednesday": "",
      "thursday": "11:30",
      "friday": "",
      "saturday": "",
      "sunday": ""
    }
  },
  {
    "name": "Bayview Baptist Church AKA Daily Bread Marketplace",
    "location": "San Diego, CA 92114",
    "city": "",
    "zip": "92114",
    "phone": "619-262-8384",
    "type": "",
    "schedule": "weekly",
    "eligibility": "Call first, by appointment only",
    "notes": "",
    "monday": true,
    "tuesday": true,
    "wednesday": true,
    "thursday": true,
    "friday": false,
    "saturday": false,
    "sunday": false,
    "frequency": {
      "monday": "weekly",
      "tuesday": "weekly",
      "wednesday": "weekly",
      "thursday": "weekly",
      "friday": "",
      "saturday": "",
      "sunday": ""
    },
    "hours": {
      "monday": "9:00 AM - 12:00 PM",
      "tuesday": "9:00 AM - 12:00 PM",
      "wednesday": "2:00 PM - 5:00 PM",
      "thursday": "9:00 AM - 12:00 PM",
      "friday": "",
      "saturday": "",
      "sunday": ""
    }
  },
  {
    "name": "San Diego Maranatha SDA Church",
    "location": "San Diego, CA 92114",
    "city": "",
    "zip": "92114",
    "phone": "",
    "type": "Walk-up, Drive-through",
    "schedule": "4th Saturday of the month from 2:00 - 4:00 p.m.",
    "eligibility": "",
    "notes": "",
    "monday": false,
    "tuesday": false,
    "wednesday": false,
    "thursday": false,
    "friday": false,
    "saturday": false,
    "sunday": false,
    "frequency": {
      "monday": "",
      "tuesday": "",
      "wednesday": "",
      "thursday": "",
      "friday": "",
      "saturday": "4th",
      "sunday": ""
    },
    "hours": {
      "monday": "",
      "tuesday": "",
      "wednesday": "",
      "thursday": "",
      "friday": "",
      "saturday": "2:00 PM - 4:00 PM",
      "sunday": ""
    }
  },
  {
    "name": "Abundant Grace Christian Center",
    "location": "San Diego, CA 92115",
    "city": "",
    "zip": "92115",
    "phone": "619-788-2027",
    "type": "Walk-up",
    "schedule": "weekly",
    "eligibility": "",
    "notes": "",
    "monday": true,
    "tuesday": false,
    "wednesday": true,
    "thursday": false,
    "friday": false,
    "saturday": false,
    "sunday": true,
    "frequency": {
      "monday": "weekly",
      "tuesday": "",
      "wednesday": "weekly",
      "thursday": "",
      "friday": "",
      "saturday": "",
      "sunday": "weekly"
    },
    "hours": {
      "monday": "9:00 AM - 10:00 AM",
      "tuesday": "",
      "wednesday": "8:00 PM - 8:30 PM",
      "thursday": "",
      "friday": "",
      "saturday": "",
      "sunday": "11:30 AM - 12:30 PM"
    }
  },
  {
    "name": "Shadow Mountain Cares",
    "location": "El Cajon, CA 92019",
    "city": "",
    "zip": "92019",
    "phone": "619-590-2157",
    "type": "Walk-up",
    "schedule": "weekly",
    "eligibility": "Registration & I.D. Required Register in person",
    "notes": "",
    "monday": true,
    "tuesday": false,
    "wednesday": false,
    "thursday": false,
    "friday": true,
    "saturday": false,
    "sunday": false,
    "frequency": {
      "monday": "weekly",
      "tuesday": "",
      "wednesday": "",
      "thursday": "",
      "friday": "weekly",
      "saturday": "",
      "sunday": ""
    },
    "hours": {
      "monday": "1:00 PM - 6:00 PM",
      "tuesday": "",
      "wednesday": "",
      "thursday": "",
      "friday": "8:00 AM - 1:00 PM",
      "saturday": "",
      "sunday": ""
    }
  },
  {
    "name": "El Cajon Produce Pantry",
    "location": "Lot 7, El Cajon, CA 92020",
    "city": "",
    "zip": "92020",
    "phone": "",
    "type": "Walk-up",
    "schedule": "4th Friday of the month from 10:00 - 11:00 a.m.",
    "eligibility": "",
    "notes": "",
    "monday": false,
    "tuesday": false,
    "wednesday": false,
    "thursday": false,
    "friday": false,
    "saturday": false,
    "sunday": false,
    "frequency": {
      "monday": "",
      "tuesday": "",
      "wednesday": "",
      "thursday": "",
      "friday": "4th",
      "saturday": "",
      "sunday": ""
    },
    "hours": {
      "monday": "",
      "tuesday": "",
      "wednesday": "",
      "thursday": "",
      "friday": "10:00 AM - 11:00 AM",
      "saturday": "",
      "sunday": ""
    }
  },
  {
    "name": "Mann Middle School Pantry",
    "location": "San Diego, CA 92115",
    "city": "",
    "zip": "92115",
    "phone": "",
    "type": "Walk-up",
    "schedule": "2nd Thursday of the month from 2:26 - 3:30 p.m.",
    "eligibility": "",
    "notes": "",
    "monday": false,
    "tuesday": false,
    "wednesday": false,
    "thursday": false,
    "friday": false,
    "saturday": false,
    "sunday": false,
    "frequency": {
      "monday": "",
      "tuesday": "",
      "wednesday": "",
      "thursday": "2nd",
      "friday": "",
      "saturday": "",
      "sunday": ""
    },
    "hours": {
      "monday": "",
      "tuesday": "",
      "wednesday": "",
      "thursday": "2:26 PM - 3:30 PM",
      "friday": "",
      "saturday": "",
      "sunday": ""
    }
  },
  {
    "name": "STAR/PAL Colina del Sol Park",
    "location": "San Diego, CA 92105",
    "city": "",
    "zip": "92105",
    "phone": "619-484-7557",
    "type": "Walk-up",
    "schedule": "2nd Tuesday of the month from 9:00 a.m. - 11:00 a.m. or until supplies lasts",
    "eligibility": "",
    "notes": "",
    "monday": false,
    "tuesday": false,
    "wednesday": false,
    "thursday": false,
    "friday": false,
    "saturday": false,
    "sunday": false,
    "frequency": {
      "monday": "",
      "tuesday": "2nd",
      "wednesday": "",
      "thursday": "",
      "friday": "",
      "saturday": "",
      "sunday": ""
    },
    "hours": {
      "monday": "",
      "tuesday": "9:00 AM - 11:00 AM",
      "wednesday": "",
      "thursday": "",
      "friday": "",
      "saturday": "",
      "sunday": ""
    }
  },
  {
    "name": "Paradise Hills Elementary School Pantry",
    "location": "San Diego, CA 92139",
    "city": "",
    "zip": "92139",
    "phone": "",
    "type": "Walk-up",
    "schedule": "2nd and 4th Wednesday of the month from 11:30 a.m. - 12:30 p.m.",
    "eligibility": "",
    "notes": "",
    "monday": false,
    "tuesday": false,
    "wednesday": false,
    "thursday": false,
    "friday": false,
    "saturday": false,
    "sunday": false,
    "frequency": {
      "monday": "",
      "tuesday": "",
      "wednesday": "2nd, 4th",
      "thursday": "",
      "friday": "",
      "saturday": "",
      "sunday": ""
    },
    "hours": {
      "monday": "",
      "tuesday": "",
      "wednesday": "11:30 AM - 12:30 PM",
      "thursday": "",
      "friday": "",
      "saturday": "",
      "sunday": ""
    }
  },
  {
    "name": "New Hope SDA",
    "location": "San Diego, CA 92105",
    "city": "",
    "zip": "92105",
    "phone": "808-409-3165",
    "type": "Walk-up",
    "schedule": "2nd Thursday of the month from 8:00 -11:00 a.m.",
    "eligibility": "",
    "notes": "",
    "monday": false,
    "tuesday": false,
    "wednesday": false,
    "thursday": false,
    "friday": false,
    "saturday": false,
    "sunday": false,
    "frequency": {
      "monday": "",
      "tuesday": "",
      "wednesday": "",
      "thursday": "2nd, 4th",
      "friday": "",
      "saturday": "",
      "sunday": ""
    },
    "hours": {
      "monday": "",
      "tuesday": "",
      "wednesday": "",
      "thursday": "8:00 AM - 11:00 AM",
      "friday": "",
      "saturday": "",
      "sunday": ""
    }
  },
  {
    "name": "Wesley House",
    "location": "San Diego, CA 92115",
    "city": "",
    "zip": "92115",
    "phone": "619-582-0773",
    "type": "Walk-up",
    "schedule": "weekly",
    "eligibility": "Current College Students Only. Proof of enrollment required.",
    "notes": "",
    "monday": true,
    "tuesday": true,
    "wednesday": true,
    "thursday": true,
    "friday": true,
    "saturday": false,
    "sunday": false,
    "frequency": {
      "monday": "weekly",
      "tuesday": "weekly",
      "wednesday": "weekly",
      "thursday": "weekly",
      "friday": "weekly",
      "saturday": "",
      "sunday": ""
    },
    "hours": {
      "monday": "9:30 AM - 11:30 AM",
      "tuesday": "1:30 PM - 4:30 PM",
      "wednesday": "1:30 PM - 4:30 PM",
      "thursday": "1:30 PM - 4:30 PM",
      "friday": "1:30 PM - 4:30 PM",
      "saturday": "",
      "sunday": ""
    }
  },
  {
    "name": "NHA Head Start School Pantry",
    "location": "San Diego, CA 92105",
    "city": "",
    "zip": "92105",
    "phone": "",
    "type": "Walk-up",
    "schedule": "3rd Wednesday of the month from 12:45 - 1:30 p.m.",
    "eligibility": "",
    "notes": "",
    "monday": false,
    "tuesday": false,
    "wednesday": false,
    "thursday": false,
    "friday": false,
    "saturday": false,
    "sunday": false,
    "frequency": {
      "monday": "",
      "tuesday": "",
      "wednesday": "3rd",
      "thursday": "",
      "friday": "",
      "saturday": "",
      "sunday": ""
    },
    "hours": {
      "monday": "",
      "tuesday": "",
      "wednesday": "12:45 PM - 1:30 PM",
      "thursday": "",
      "friday": "",
      "saturday": "",
      "sunday": ""
    }
  },
  {
    "name": "Millennial Tech Middle School Pantry",
    "location": "San Diego, CA 92102",
    "city": "",
    "zip": "92102",
    "phone": "619-362-4650",
    "type": "Walk-up, Drive-through",
    "schedule": "2nd and 4th Thursday of the month from 2:45 - 3:30 p.m.",
    "eligibility": "",
    "notes": "",
    "monday": false,
    "tuesday": false,
    "wednesday": false,
    "thursday": false,
    "friday": false,
    "saturday": false,
    "sunday": false,
    "frequency": {
      "monday": "",
      "tuesday": "",
      "wednesday": "",
      "thursday": "2nd, 4th",
      "friday": "",
      "saturday": "",
      "sunday": ""
    },
    "hours": {
      "monday": "",
      "tuesday": "",
      "wednesday": "",
      "thursday": "2:45 PM - 3:30 PM",
      "friday": "",
      "saturday": "",
      "sunday": ""
    }
  },
  {
    "name": "Friendships for Hope",
    "location": "National City, CA 91950",
    "city": "",
    "zip": "91950",
    "phone": "619-395-5088",
    "type": "Walk-up",
    "schedule": "weekly",
    "eligibility": "Serves residents residing in 91950, 92139, 92102, 92113, 92114",
    "notes": "",
    "monday": false,
    "tuesday": true,
    "wednesday": false,
    "thursday": false,
    "friday": false,
    "saturday": false,
    "sunday": false,
    "frequency": {
      "monday": "",
      "tuesday": "weekly",
      "wednesday": "",
      "thursday": "",
      "friday": "",
      "saturday": "",
      "sunday": ""
    },
    "hours": {
      "monday": "",
      "tuesday": "9:00 AM - 12:00 PM",
      "wednesday": "",
      "thursday": "",
      "friday": "",
      "saturday": "",
      "sunday": ""
    }
  },
  {
    "name": "San Diego Fil-Am SDA Church",
    "location": "Chula Vista, CA 91910",
    "city": "",
    "zip": "91910",
    "phone": "858-603-4737",
    "type": "Walk-up",
    "schedule": "1st Thursday of the month from 10:00 a.m. - 12:00 p.m. (open to the public) 2nd Thursday of the month from 10:00 a.m. - 12:00 p.m. (for unsheltered neighbors only)",
    "eligibility": "",
    "notes": "",
    "monday": false,
    "tuesday": false,
    "wednesday": false,
    "thursday": false,
    "friday": false,
    "saturday": false,
    "sunday": false,
    "frequency": {
      "monday": "",
      "tuesday": "",
      "wednesday": "",
      "thursday": "1st",
      "friday": "",
      "saturday": "",
      "sunday": ""
    },
    "hours": {
      "monday": "",
      "tuesday": "",
      "wednesday": "",
      "thursday": "10:00 AM - 12:00 PM",
      "friday": "",
      "saturday": "",
      "sunday": ""
    }
  },
  {
    "name": "UCSD RE-LINK",
    "location": "",
    "city": "",
    "zip": "",
    "phone": "858-412-7012",
    "type": "Walk-up",
    "schedule": "3rd Wednesday of the month from 12:00 - 2:00 p.m.",
    "eligibility": "Call first 12 North Euclid Ave National City, CA 91950, US",
    "notes": "",
    "monday": false,
    "tuesday": false,
    "wednesday": false,
    "thursday": false,
    "friday": false,
    "saturday": false,
    "sunday": false,
    "frequency": {
      "monday": "",
      "tuesday": "",
      "wednesday": "3rd",
      "thursday": "",
      "friday": "",
      "saturday": "",
      "sunday": ""
    },
    "hours": {
      "monday": "",
      "tuesday": "",
      "wednesday": "12:00 PM - 2:00 PM",
      "thursday": "",
      "friday": "",
      "saturday": "",
      "sunday": ""
    }
  },
  {
    "name": "Lincoln High School Pantry",
    "location": "San Diego, CA 92113",
    "city": "",
    "zip": "92113",
    "phone": "619-266-6517",
    "type": "Walk-up",
    "schedule": "2nd and 4th Friday of the month from 2:50 - 4:30 p.m.",
    "eligibility": "",
    "notes": "",
    "monday": false,
    "tuesday": false,
    "wednesday": false,
    "thursday": false,
    "friday": false,
    "saturday": false,
    "sunday": false,
    "frequency": {
      "monday": "",
      "tuesday": "",
      "wednesday": "",
      "thursday": "",
      "friday": "2md, 4th",
      "saturday": "",
      "sunday": ""
    },
    "hours": {
      "monday": "",
      "tuesday": "",
      "wednesday": "",
      "thursday": "",
      "friday": "2:50 PM - 4300 PM",
      "saturday": "",
      "sunday": ""
    }
  },
  {
    "name": "Porter Elementary School Pantry",
    "location": "San Diego, CA 92113",
    "city": "",
    "zip": "92113",
    "phone": "619-794-9558",
    "type": "Drive-through",
    "schedule": "1st and 3rd Wednesday of the month at 7:30 a.m.",
    "eligibility": "",
    "notes": "",
    "monday": false,
    "tuesday": false,
    "wednesday": false,
    "thursday": false,
    "friday": false,
    "saturday": false,
    "sunday": false,
    "frequency": {
      "monday": "",
      "tuesday": "",
      "wednesday": "1st, 3rd",
      "thursday": "",
      "friday": "",
      "saturday": "",
      "sunday": ""
    },
    "hours": {
      "monday": "",
      "tuesday": "",
      "wednesday": "7:30",
      "thursday": "",
      "friday": "",
      "saturday": "",
      "sunday": ""
    }
  },
  {
    "name": "Rock Church - Chula Vista",
    "location": "Chula Vista, CA 91915",
    "city": "",
    "zip": "91915",
    "phone": "619-226-7625",
    "type": "Drive-through",
    "schedule": "4th Thursday of the month from 10:00 a.m. - 12:00 p.m.",
    "eligibility": "",
    "notes": "",
    "monday": false,
    "tuesday": false,
    "wednesday": false,
    "thursday": false,
    "friday": false,
    "saturday": false,
    "sunday": false,
    "frequency": {
      "monday": "",
      "tuesday": "",
      "wednesday": "",
      "thursday": "4th",
      "friday": "",
      "saturday": "",
      "sunday": ""
    },
    "hours": {
      "monday": "",
      "tuesday": "",
      "wednesday": "",
      "thursday": "11:15 AM - 12:15 PM",
      "friday": "",
      "saturday": "",
      "sunday": ""
    }
  },
  {
    "name": "Hamilton Elementary School Pantry",
    "location": "San Diego, CA 92105",
    "city": "",
    "zip": "92105",
    "phone": "",
    "type": "Walk-up",
    "schedule": "1st and 3rd Wednesday of the month from 11:15 a.m. - 12:15 p.m.",
    "eligibility": "",
    "notes": "",
    "monday": false,
    "tuesday": false,
    "wednesday": false,
    "thursday": false,
    "friday": false,
    "saturday": false,
    "sunday": false,
    "frequency": {
      "monday": "",
      "tuesday": "",
      "wednesday": "1st, 3rd",
      "thursday": "",
      "friday": "",
      "saturday": "",
      "sunday": ""
    },
    "hours": {
      "monday": "",
      "tuesday": "",
      "wednesday": "11:15 AM - 12:15 PM",
      "thursday": "",
      "friday": "",
      "saturday": "",
      "sunday": ""
    }
  },
  {
    "name": "City of Hope",
    "location": "San Diego, CA 92102",
    "city": "",
    "zip": "92102",
    "phone": "619-633-7977",
    "type": "Walk-up",
    "schedule": "1st Wednesday of the month from 10:00 a.m. - 3:00 p.m.",
    "eligibility": "",
    "notes": "",
    "monday": false,
    "tuesday": false,
    "wednesday": false,
    "thursday": false,
    "friday": false,
    "saturday": false,
    "sunday": false,
    "frequency": {
      "monday": "",
      "tuesday": "",
      "wednesday": "1st",
      "thursday": "",
      "friday": "",
      "saturday": "",
      "sunday": ""
    },
    "hours": {
      "monday": "",
      "tuesday": "",
      "wednesday": "10:00 AM - 3:00 PM",
      "thursday": "",
      "friday": "",
      "saturday": "",
      "sunday": ""
    }
  },
  {
    "name": "Hoover High School Pantry",
    "location": "San Diego, San Diego, CA 92115",
    "city": "",
    "zip": "92115",
    "phone": "619-431-0320",
    "type": "Walk-up",
    "schedule": "1st and 3rd Tuesday of the month from 2:15 - 3:15 p.m.",
    "eligibility": "",
    "notes": "",
    "monday": false,
    "tuesday": false,
    "wednesday": false,
    "thursday": false,
    "friday": false,
    "saturday": false,
    "sunday": false,
    "frequency": {
      "monday": "",
      "tuesday": "1st, 3rd",
      "wednesday": "",
      "thursday": "",
      "friday": "",
      "saturday": "",
      "sunday": ""
    },
    "hours": {
      "monday": "",
      "tuesday": "2:15 PM - 3:15 PM",
      "wednesday": "",
      "thursday": "",
      "friday": "",
      "saturday": "",
      "sunday": ""
    }
  },
  {
    "name": "Bridge of Hope",
    "location": "San Diego, CA 92105",
    "city": "",
    "zip": "92105",
    "phone": "",
    "type": "Walk-up",
    "schedule": "weekly",
    "eligibility": "",
    "notes": "",
    "monday": false,
    "tuesday": false,
    "wednesday": false,
    "thursday": false,
    "friday": true,
    "saturday": false,
    "sunday": false,
    "frequency": {
      "monday": "",
      "tuesday": "",
      "wednesday": "",
      "thursday": "",
      "friday": "weekly",
      "saturday": "",
      "sunday": ""
    },
    "hours": {
      "monday": "",
      "tuesday": "",
      "wednesday": "",
      "thursday": "",
      "friday": "11:30 AM - 1:00 PM",
      "saturday": "",
      "sunday": ""
    }
  },
  {
    "name": "Jamul Community Church",
    "location": "Jamul, CA 91935",
    "city": "",
    "zip": "91935",
    "phone": "619-669-7203",
    "type": "Walk-up",
    "schedule": "weekly",
    "eligibility": "",
    "notes": "",
    "monday": false,
    "tuesday": false,
    "wednesday": false,
    "thursday": true,
    "friday": false,
    "saturday": false,
    "sunday": false,
    "frequency": {
      "monday": "",
      "tuesday": "",
      "wednesday": "",
      "thursday": "weekly",
      "friday": "",
      "saturday": "",
      "sunday": ""
    },
    "hours": {
      "monday": "",
      "tuesday": "",
      "wednesday": "",
      "thursday": "10:00 AM - 3:30 PM",
      "friday": "",
      "saturday": "",
      "sunday": ""
    }
  },
  {
    "name": "La Maestra",
    "location": "San Diego, CA 92105",
    "city": "",
    "zip": "92105",
    "phone": "619-280-4213",
    "type": "Walk-up",
    "schedule": "weekly",
    "eligibility": "",
    "notes": "",
    "monday": false,
    "tuesday": true,
    "wednesday": true,
    "thursday": false,
    "friday": true,
    "saturday": false,
    "sunday": false,
    "frequency": {
      "monday": "",
      "tuesday": "weekly",
      "wednesday": "weekly",
      "thursday": "",
      "friday": "weekly",
      "saturday": "",
      "sunday": ""
    },
    "hours": {
      "monday": "",
      "tuesday": "9:00 AM - 2:00 PM",
      "wednesday": "9:00 AM - 2:00 PM",
      "thursday": "",
      "friday": "10:00 AM - 3:00 PM",
      "saturday": "",
      "sunday": ""
    }
  },
  {
    "name": "St. Marks Episcopal Church",
    "location": "San Diego, CA 92105",
    "city": "",
    "zip": "92105",
    "phone": "619-283-6242",
    "type": "Walk-up",
    "schedule": "weekly",
    "eligibility": "",
    "notes": "",
    "monday": false,
    "tuesday": false,
    "wednesday": true,
    "thursday": false,
    "friday": false,
    "saturday": false,
    "sunday": false,
    "frequency": {
      "monday": "",
      "tuesday": "",
      "wednesday": "weekly",
      "thursday": "",
      "friday": "",
      "saturday": "",
      "sunday": ""
    },
    "hours": {
      "monday": "",
      "tuesday": "",
      "wednesday": "11:00 AM - 1:00 PM",
      "thursday": "",
      "friday": "",
      "saturday": "",
      "sunday": ""
    }
  },
  {
    "name": "City Heights Mobile Pantry",
    "location": "San Diego, CA 92105",
    "city": "",
    "zip": "92105",
    "phone": "619-280-9622",
    "type": "Walk-up, Drive-through",
    "schedule": "3rd Tuesday of the month from 3:00 p.m. until supplies run out",
    "eligibility": "",
    "notes": "",
    "monday": false,
    "tuesday": false,
    "wednesday": false,
    "thursday": false,
    "friday": false,
    "saturday": false,
    "sunday": false,
    "frequency": {
      "monday": "",
      "tuesday": "3rd",
      "wednesday": "",
      "thursday": "",
      "friday": "",
      "saturday": "",
      "sunday": ""
    },
    "hours": {
      "monday": "",
      "tuesday": "3:00 PM",
      "wednesday": "",
      "thursday": "",
      "friday": "",
      "saturday": "",
      "sunday": ""
    }
  },
  {
    "name": "Iglesia Casa de Alabanza",
    "location": "San Diego, CA 92105",
    "city": "",
    "zip": "92105",
    "phone": "",
    "type": "Walk-up",
    "schedule": "1st and 3rd Tuesday of the month from 11:30 a.m. - 12:30 p.m.",
    "eligibility": "",
    "notes": "",
    "monday": false,
    "tuesday": false,
    "wednesday": false,
    "thursday": false,
    "friday": false,
    "saturday": false,
    "sunday": false,
    "frequency": {
      "monday": "",
      "tuesday": "1st, 3rd",
      "wednesday": "",
      "thursday": "",
      "friday": "",
      "saturday": "",
      "sunday": ""
    },
    "hours": {
      "monday": "",
      "tuesday": "11:30 AM - 12:30 PM",
      "wednesday": "",
      "thursday": "",
      "friday": "",
      "saturday": "",
      "sunday": ""
    }
  },
  {
    "name": "Church of the Nazarene",
    "location": "San Diego, CA 92105",
    "city": "",
    "zip": "92105",
    "phone": "619-516-1000",
    "type": "Walk-up",
    "schedule": "weekly",
    "eligibility": "",
    "notes": "",
    "monday": false,
    "tuesday": true,
    "wednesday": false,
    "thursday": false,
    "friday": false,
    "saturday": true,
    "sunday": false,
    "frequency": {
      "monday": "",
      "tuesday": "weekly",
      "wednesday": "",
      "thursday": "",
      "friday": "",
      "saturday": "weekly",
      "sunday": ""
    },
    "hours": {
      "monday": "",
      "tuesday": "3:00 PM - 4:00 PM",
      "wednesday": "",
      "thursday": "",
      "friday": "",
      "saturday": "9:00 AM - 10:00 AM",
      "sunday": ""
    }
  },
  {
    "name": "Rock Church - City Heights",
    "location": "San Diego, CA 92105",
    "city": "",
    "zip": "92105",
    "phone": "619-226-7625",
    "type": "Walk-up, Drive-through",
    "schedule": "3rd Thursday of the month at 10:00 a.m.",
    "eligibility": "",
    "notes": "",
    "monday": false,
    "tuesday": false,
    "wednesday": false,
    "thursday": false,
    "friday": false,
    "saturday": false,
    "sunday": false,
    "frequency": {
      "monday": "",
      "tuesday": "",
      "wednesday": "",
      "thursday": "3rd",
      "friday": "",
      "saturday": "",
      "sunday": ""
    },
    "hours": {
      "monday": "",
      "tuesday": "",
      "wednesday": "",
      "thursday": "10:00",
      "friday": "",
      "saturday": "",
      "sunday": ""
    }
  },
  {
    "name": "City Heights Assembly of God",
    "location": "San Diego, CA 92105",
    "city": "",
    "zip": "92105",
    "phone": "619-471-4809",
    "type": "Walk-up",
    "schedule": "weekly",
    "eligibility": "Families with children under 18 or seniors over age of 65. Hot meals available",
    "notes": "",
    "monday": true,
    "tuesday": true,
    "wednesday": true,
    "thursday": true,
    "friday": true,
    "saturday": false,
    "sunday": false,
    "frequency": {
      "monday": "weekly",
      "tuesday": "weekly",
      "wednesday": "weekly",
      "thursday": "weekly",
      "friday": "weekly",
      "saturday": "",
      "sunday": ""
    },
    "hours": {
      "monday": "1:00 PM - 3:00 PM",
      "tuesday": "1:00 PM - 3:00 PM",
      "wednesday": "1:00 PM - 3:00 PM",
      "thursday": "1:00 PM - 3:00 PM",
      "friday": "1:00 PM - 3:00 PM",
      "saturday": "",
      "sunday": ""
    }
  },
  {
    "name": "Good Shepherd Community Projects, Inc",
    "location": "San Diego, CA 92113",
    "city": "",
    "zip": "92113",
    "phone": "619-263-5556",
    "type": "Walk-up",
    "schedule": "2nd and 4th Saturday of the month from 11:00 a.m. - 1:00 p.m.",
    "eligibility": "Must be 21+ years of age or older or accompanied by an adult to receive food",
    "notes": "",
    "monday": false,
    "tuesday": false,
    "wednesday": false,
    "thursday": false,
    "friday": false,
    "saturday": false,
    "sunday": false,
    "frequency": {
      "monday": "",
      "tuesday": "",
      "wednesday": "",
      "thursday": "",
      "friday": "",
      "saturday": "2nd, 4th",
      "sunday": ""
    },
    "hours": {
      "monday": "",
      "tuesday": "",
      "wednesday": "",
      "thursday": "",
      "friday": "",
      "saturday": "11:00 AM - 1:00 PM",
      "sunday": ""
    }
  },
  {
    "name": "Faith Tabernacle",
    "location": "San Diego, CA 92116",
    "city": "",
    "zip": "92116",
    "phone": "619-282-3044",
    "type": "Walk-up",
    "schedule": "weekly",
    "eligibility": "",
    "notes": "",
    "monday": true,
    "tuesday": false,
    "wednesday": false,
    "thursday": false,
    "friday": false,
    "saturday": false,
    "sunday": false,
    "frequency": {
      "monday": "weekly",
      "tuesday": "",
      "wednesday": "",
      "thursday": "",
      "friday": "",
      "saturday": "",
      "sunday": ""
    },
    "hours": {
      "monday": "3:30 PM - 6:00 PM",
      "tuesday": "",
      "wednesday": "",
      "thursday": "",
      "friday": "",
      "saturday": "",
      "sunday": ""
    }
  },
  {
    "name": "Santee Food Bank",
    "location": "Santee, CA 92071",
    "city": "",
    "zip": "92071",
    "phone": "619-448-2096",
    "type": "Drive-through",
    "schedule": "weekly",
    "eligibility": "Santee Residents ONLY [utilities bill] Proof of income eligibility [Social Security Documentation, Pay Stub] ID",
    "notes": "",
    "monday": false,
    "tuesday": false,
    "wednesday": true,
    "thursday": false,
    "friday": true,
    "saturday": true,
    "sunday": false,
    "frequency": {
      "monday": "",
      "tuesday": "",
      "wednesday": "weekly",
      "thursday": "",
      "friday": "weekly",
      "saturday": "weekly",
      "sunday": ""
    },
    "hours": {
      "monday": "",
      "tuesday": "",
      "wednesday": "8:00 AM - 11:00 AM",
      "thursday": "",
      "friday": "8:00 AM - 11:00 AM",
      "saturday": "8:00 AM - 11:00 AM",
      "sunday": ""
    }
  },
  {
    "name": "Southport Christian Center",
    "location": "National City, CA 91950",
    "city": "",
    "zip": "91950",
    "phone": "619-474-2834",
    "type": "Walk-up",
    "schedule": "weekly",
    "eligibility": "",
    "notes": "",
    "monday": false,
    "tuesday": false,
    "wednesday": false,
    "thursday": false,
    "friday": true,
    "saturday": false,
    "sunday": false,
    "frequency": {
      "monday": "",
      "tuesday": "",
      "wednesday": "",
      "thursday": "",
      "friday": "weekly",
      "saturday": "",
      "sunday": ""
    },
    "hours": {
      "monday": "",
      "tuesday": "",
      "wednesday": "",
      "thursday": "",
      "friday": "10:00 AM - 11:00 AM",
      "saturday": "",
      "sunday": ""
    }
  },
  {
    "name": "Lakeside Mobile Pantry",
    "location": "Lakeside, CA 92040",
    "city": "",
    "zip": "92040",
    "phone": "",
    "type": "Drive-through",
    "schedule": "First Tuesday of the month from 12:30 - 1:30 p.m.",
    "eligibility": "",
    "notes": "",
    "monday": false,
    "tuesday": false,
    "wednesday": false,
    "thursday": false,
    "friday": false,
    "saturday": false,
    "sunday": false,
    "frequency": {
      "monday": "",
      "tuesday": "1st",
      "wednesday": "",
      "thursday": "",
      "friday": "",
      "saturday": "",
      "sunday": ""
    },
    "hours": {
      "monday": "",
      "tuesday": "12:30 PM - 1:30 PM",
      "wednesday": "",
      "thursday": "",
      "friday": "",
      "saturday": "",
      "sunday": ""
    }
  },
  {
    "name": "Lemon Crest Elementary School Pantry",
    "location": "Lakeside, CA 92040",
    "city": "",
    "zip": "92040",
    "phone": "",
    "type": "Walk-up",
    "schedule": "2nd and 4th Wednesdays of the month from 11:30 a.m. - 1:30 p.m.",
    "eligibility": "",
    "notes": "Special Dates Closed on 3/11",
    "monday": false,
    "tuesday": false,
    "wednesday": false,
    "thursday": false,
    "friday": false,
    "saturday": false,
    "sunday": false,
    "frequency": {
      "monday": "",
      "tuesday": "",
      "wednesday": "2nd, 4th",
      "thursday": "",
      "friday": "",
      "saturday": "",
      "sunday": ""
    },
    "hours": {
      "monday": "",
      "tuesday": "",
      "wednesday": "11:30 AM - 1:30 PM",
      "thursday": "",
      "friday": "",
      "saturday": "",
      "sunday": ""
    }
  },
  {
    "name": "Operation Promise Community Services",
    "location": "",
    "city": "",
    "zip": "",
    "phone": "619-902-1206",
    "type": "Walk-up",
    "schedule": "weekly",
    "eligibility": "Intake form required. Call to make an appointment. 5 W. 18th St. National City, CA 91950, US",
    "notes": "",
    "monday": true,
    "tuesday": true,
    "wednesday": true,
    "thursday": true,
    "friday": true,
    "saturday": false,
    "sunday": false,
    "frequency": {
      "monday": "weekly",
      "tuesday": "weekly",
      "wednesday": "weekly",
      "thursday": "weekly",
      "friday": "weekly",
      "saturday": "",
      "sunday": ""
    },
    "hours": {
      "monday": "9:00 AM - 2:45 PM",
      "tuesday": "9:00 AM - 2:45 PM",
      "wednesday": "9:00 AM - 2:45 PM",
      "thursday": "9:00 AM - 2:45 PM",
      "friday": "9:00 AM - 2:45 PM",
      "saturday": "",
      "sunday": ""
    }
  },
  {
    "name": "Partnership for a Better San Diego",
    "location": "San Diego, CA 92108",
    "city": "",
    "zip": "92108",
    "phone": "",
    "type": "Walk-up",
    "schedule": "weekly",
    "eligibility": "",
    "notes": "",
    "monday": true,
    "tuesday": false,
    "wednesday": false,
    "thursday": true,
    "friday": false,
    "saturday": false,
    "sunday": false,
    "frequency": {
      "monday": "weekly",
      "tuesday": "",
      "wednesday": "",
      "thursday": "weekly",
      "friday": "",
      "saturday": "",
      "sunday": ""
    },
    "hours": {
      "monday": "12:00 PM - 3:00 PM",
      "tuesday": "",
      "wednesday": "",
      "thursday": "8:00 AM - 11:00 AM",
      "friday": "",
      "saturday": "",
      "sunday": ""
    }
  },
  {
    "name": "St. Rose of Lima",
    "location": "Chula Vista, CA 91910",
    "city": "",
    "zip": "91910",
    "phone": "619-427-7637",
    "type": "Walk-up",
    "schedule": "weekly",
    "eligibility": "",
    "notes": "",
    "monday": false,
    "tuesday": false,
    "wednesday": true,
    "thursday": false,
    "friday": false,
    "saturday": false,
    "sunday": false,
    "frequency": {
      "monday": "",
      "tuesday": "",
      "wednesday": "weekly",
      "thursday": "",
      "friday": "",
      "saturday": "",
      "sunday": ""
    },
    "hours": {
      "monday": "",
      "tuesday": "",
      "wednesday": "10:00 AM - 11:00 AM",
      "thursday": "",
      "friday": "",
      "saturday": "",
      "sunday": ""
    }
  },
  {
    "name": "South Bay Food Pantry",
    "location": "Chula Vista, CA 91910",
    "city": "",
    "zip": "91910",
    "phone": "619-298-9978",
    "type": "Walk-up",
    "schedule": "weekly",
    "eligibility": "",
    "notes": "",
    "monday": false,
    "tuesday": false,
    "wednesday": false,
    "thursday": false,
    "friday": false,
    "saturday": true,
    "sunday": false,
    "frequency": {
      "monday": "",
      "tuesday": "",
      "wednesday": "",
      "thursday": "",
      "friday": "",
      "saturday": "weekly",
      "sunday": ""
    },
    "hours": {
      "monday": "",
      "tuesday": "",
      "wednesday": "",
      "thursday": "",
      "friday": "",
      "saturday": "11:00 AM - 12:30 PM",
      "sunday": ""
    }
  },
  {
    "name": "Templo Evangelico Maranatha",
    "location": "Chula Vista, CA 91910",
    "city": "",
    "zip": "91910",
    "phone": "619-213-9370",
    "type": "Walk-up",
    "schedule": "weekly",
    "eligibility": "Call first, by appointment only Call before 6:00 p.m. on the Tuesday prior",
    "notes": "",
    "monday": false,
    "tuesday": false,
    "wednesday": true,
    "thursday": false,
    "friday": false,
    "saturday": false,
    "sunday": false,
    "frequency": {
      "monday": "",
      "tuesday": "",
      "wednesday": "weekly",
      "thursday": "",
      "friday": "",
      "saturday": "",
      "sunday": ""
    },
    "hours": {
      "monday": "",
      "tuesday": "",
      "wednesday": "10:30 AM - 11:30 AM",
      "thursday": "",
      "friday": "",
      "saturday": "",
      "sunday": ""
    }
  },
  {
    "name": "Lakeside Christian Helps Center",
    "location": "Lakeside, CA 92040",
    "city": "",
    "zip": "92040",
    "phone": "619-933-1309",
    "type": "Walk-up",
    "schedule": "weekly",
    "eligibility": "",
    "notes": "",
    "monday": true,
    "tuesday": true,
    "wednesday": true,
    "thursday": true,
    "friday": false,
    "saturday": false,
    "sunday": false,
    "frequency": {
      "monday": "weekly",
      "tuesday": "weekly",
      "wednesday": "weekly",
      "thursday": "weekly",
      "friday": "",
      "saturday": "",
      "sunday": ""
    },
    "hours": {
      "monday": "10:00 AM - 12:00 PM",
      "tuesday": "10:00 AM - 12:00 PM",
      "wednesday": "10:00 AM - 12:00 PM",
      "thursday": "10:00 AM - 12:00 PM",
      "friday": "",
      "saturday": "",
      "sunday": ""
    }
  },
  {
    "name": "Logan Heights Community Development Corporation",
    "location": "San Diego, CA 92102",
    "city": "",
    "zip": "92102",
    "phone": "619-858-0563",
    "type": "Walk-up, Drive-through",
    "schedule": "3rd Friday of the month from 10:00 a.m. - 12:00 p.m.",
    "eligibility": "",
    "notes": "",
    "monday": false,
    "tuesday": false,
    "wednesday": false,
    "thursday": false,
    "friday": false,
    "saturday": false,
    "sunday": false,
    "frequency": {
      "monday": "",
      "tuesday": "",
      "wednesday": "",
      "thursday": "",
      "friday": "3rd",
      "saturday": "",
      "sunday": ""
    },
    "hours": {
      "monday": "",
      "tuesday": "",
      "wednesday": "",
      "thursday": "",
      "friday": "10:00 AM - 12:00 PM",
      "saturday": "",
      "sunday": ""
    }
  },
  {
    "name": "Salvation Army Chula Vista",
    "location": "Chula Vista, CA 91910",
    "city": "",
    "zip": "91910",
    "phone": "619-422-7027",
    "type": "Walk-up",
    "schedule": "weekly",
    "eligibility": "New guests are asked to bring a photo ID for everyone in the household and proof of residence",
    "notes": "",
    "monday": false,
    "tuesday": false,
    "wednesday": true,
    "thursday": false,
    "friday": true,
    "saturday": false,
    "sunday": false,
    "frequency": {
      "monday": "",
      "tuesday": "",
      "wednesday": "weekly",
      "thursday": "",
      "friday": "weekly",
      "saturday": "",
      "sunday": ""
    },
    "hours": {
      "monday": "",
      "tuesday": "",
      "wednesday": "9:00 AM - 10:30 AM",
      "thursday": "",
      "friday": "9:00 AM - 10:30 AM",
      "saturday": "",
      "sunday": ""
    }
  },
  {
    "name": "31st. St. SDA Church",
    "location": "San Diego, CA 92113",
    "city": "",
    "zip": "92113",
    "phone": "",
    "type": "Walk-up, Drive-through",
    "schedule": "2nd and 4th Wednesday of the month from 12:00 - 2:00 p.m.",
    "eligibility": "",
    "notes": "",
    "monday": false,
    "tuesday": false,
    "wednesday": false,
    "thursday": false,
    "friday": false,
    "saturday": false,
    "sunday": false,
    "frequency": {
      "monday": "",
      "tuesday": "",
      "wednesday": "2nd, 4th",
      "thursday": "",
      "friday": "",
      "saturday": "",
      "sunday": ""
    },
    "hours": {
      "monday": "",
      "tuesday": "",
      "wednesday": "12:00 PM - 2:00 PM",
      "thursday": "",
      "friday": "",
      "saturday": "",
      "sunday": ""
    }
  },
  {
    "name": "STAR/PAL Memorial Park",
    "location": "San Diego, CA 92113",
    "city": "",
    "zip": "92113",
    "phone": "619-484-7557",
    "type": "Walk-up",
    "schedule": "3rd Thursday of the month from 2:00 - 4:00 p.m. or until supplies last",
    "eligibility": "",
    "notes": "",
    "monday": false,
    "tuesday": false,
    "wednesday": false,
    "thursday": false,
    "friday": false,
    "saturday": false,
    "sunday": false,
    "frequency": {
      "monday": "",
      "tuesday": "",
      "wednesday": "",
      "thursday": "3rd",
      "friday": "",
      "saturday": "",
      "sunday": ""
    },
    "hours": {
      "monday": "",
      "tuesday": "",
      "wednesday": "",
      "thursday": "2:00 PM - 4:00 PM",
      "friday": "",
      "saturday": "",
      "sunday": ""
    }
  },
  {
    "name": "Feaster Charter School Pantry",
    "location": "Chula Vista, CA 91910",
    "city": "",
    "zip": "91910",
    "phone": "619-422-8397",
    "type": "Walk-up",
    "schedule": "3rd Wednesday of the month from 10:00 - 11:00 a.m.",
    "eligibility": "",
    "notes": "",
    "monday": false,
    "tuesday": false,
    "wednesday": false,
    "thursday": false,
    "friday": false,
    "saturday": false,
    "sunday": false,
    "frequency": {
      "monday": "",
      "tuesday": "",
      "wednesday": "3rd",
      "thursday": "",
      "friday": "",
      "saturday": "",
      "sunday": ""
    },
    "hours": {
      "monday": "",
      "tuesday": "",
      "wednesday": "10:00 AM - 11:00 AM",
      "thursday": "",
      "friday": "",
      "saturday": "",
      "sunday": ""
    }
  },
  {
    "name": "Lindo Park Elementary School Pantry",
    "location": "Lakeside, CA 92040",
    "city": "",
    "zip": "92040",
    "phone": "",
    "type": "Walk-up",
    "schedule": "1st and 3rd Wednesday of the month from 3:00 - 5:00 p.m.",
    "eligibility": "",
    "notes": "",
    "monday": false,
    "tuesday": false,
    "wednesday": false,
    "thursday": false,
    "friday": false,
    "saturday": false,
    "sunday": false,
    "frequency": {
      "monday": "",
      "tuesday": "",
      "wednesday": "1st, 3rd",
      "thursday": "",
      "friday": "",
      "saturday": "",
      "sunday": ""
    },
    "hours": {
      "monday": "",
      "tuesday": "",
      "wednesday": "3:00 PM - 5:00 PM",
      "thursday": "",
      "friday": "",
      "saturday": "",
      "sunday": ""
    }
  },
  {
    "name": "Stepping Higher",
    "location": "San Diego, CA 92102",
    "city": "",
    "zip": "92102",
    "phone": "",
    "type": "Walk-up",
    "schedule": "weekly",
    "eligibility": "",
    "notes": "",
    "monday": false,
    "tuesday": true,
    "wednesday": true,
    "thursday": true,
    "friday": false,
    "saturday": false,
    "sunday": false,
    "frequency": {
      "monday": "",
      "tuesday": "weekly",
      "wednesday": "weekly",
      "thursday": "weekly",
      "friday": "",
      "saturday": "",
      "sunday": ""
    },
    "hours": {
      "monday": "",
      "tuesday": "10:00 AM - 1:00 PM",
      "wednesday": "10:00 AM - 1:00 PM",
      "thursday": "10:00 AM - 1:00 PM",
      "friday": "",
      "saturday": "",
      "sunday": ""
    }
  },
  {
    "name": "Masjidul Taqwa",
    "location": "San Diego, CA 92102",
    "city": "",
    "zip": "92102",
    "phone": "619-239-6738",
    "type": "Walk-up",
    "schedule": "2nd and 4th Saturday of the month from 10:00 a.m. - 12:00 p.m.",
    "eligibility": "",
    "notes": "",
    "monday": false,
    "tuesday": false,
    "wednesday": false,
    "thursday": false,
    "friday": false,
    "saturday": false,
    "sunday": false,
    "frequency": {
      "monday": "",
      "tuesday": "",
      "wednesday": "",
      "thursday": "",
      "friday": "",
      "saturday": "2nd, 4th",
      "sunday": ""
    },
    "hours": {
      "monday": "",
      "tuesday": "",
      "wednesday": "",
      "thursday": "",
      "friday": "",
      "saturday": "10:00 AM - 12:00 PM",
      "sunday": ""
    }
  },
  {
    "name": "Mission Village Christian",
    "location": "San Diego, CA 92123",
    "city": "",
    "zip": "92123",
    "phone": "619-278-2647",
    "type": "Walk-up, Drive-through",
    "schedule": "weekly",
    "eligibility": "Residents of 92123 zip code only",
    "notes": "",
    "monday": false,
    "tuesday": false,
    "wednesday": true,
    "thursday": false,
    "friday": false,
    "saturday": false,
    "sunday": false,
    "frequency": {
      "monday": "",
      "tuesday": "",
      "wednesday": "weekly",
      "thursday": "",
      "friday": "",
      "saturday": "",
      "sunday": ""
    },
    "hours": {
      "monday": "",
      "tuesday": "",
      "wednesday": "10:00 AM - 1:00 PM",
      "thursday": "",
      "friday": "",
      "saturday": "",
      "sunday": ""
    }
  }
]